id,domain,status,purchase_price,renewal_price,attractiveness,demand,length,registrar,created_at,expires_at
00084210-54f6-422f-a16e-d21a9c19f865,hookupwith.free,available,44.98,,56,1,12,namecheap,,
0018fd27-1e98-4631-b574-59c8d49c3160,approaches.free,premium,125,,70,3,10,name.com,,
0036a50f-b00b-4776-8f2b-d0d5fcb20ade,changeover.free,available,44.98,,68,5,11,namecheap,,
007f1b1c-ef44-4e94-878e-ce73ec25a93d,abilities.free,premium,125,,74,4,9,name.com,,
008a2436-9d4a-49ed-9c45-5b3eed970789,haveityourway.free,available,44.98,,56,6,16,namecheap,,
009a94ec-e1fb-4be4-9f87-71097ab8f577,poems.free,premium,625,,58,9,5,name.com,,
00b1f7a0-ab42-491e-92c0-8dcd8ed33da7,companies.free,premium,125,,62,16,9,name.com,,
00cf97e7-a72a-46ca-923b-a3c723c50067,intheissue.free,available,44.98,,50,1,12,namecheap,,
00e37865-e0ea-4c30-87c9-d39ad6b33430,boundaries.free,premium,125,,56,7,10,name.com,,
00f6c065-31cd-4405-b090-8c37a3f9904e,keepfrom.free,available,44.98,,52,1,9,namecheap,,
010b7f6a-1b48-491f-b318-6d765b898182,IsleofThanet.free,available,44.98,,52,2,14,namecheap,,
011f9505-c014-4d6d-b96a-0d3dd67a4c07,inblossom.free,available,44.98,,56,1,10,namecheap,,
01260a6f-5c25-4686-807b-9ccb9a80b57a,devoured.free,available,38.99,38.99,40,3,8,namesilo,,
01282b7a-1a18-4beb-9e27-a88fe60778b1,differences.free,premium,125,,52,4,11,name.com,,
012fedc1-1972-4982-b170-286514f8ab3b,partwith.free,available,44.98,,68,1,9,namecheap,,
01475036-1ea7-4c1b-891c-3fd87d43e744,Americanway.free,available,44.98,,72,4,12,namecheap,,
01593982-01fd-4d91-8fb8-e19b908ef7e6,messages.free,premium,116,116,80,16,8,namesilo,,
0161c326-9882-4911-833e-6b387e3714e5,fees.free,premium,1250,,63,11,4,name.com,,
01807286-d29e-4b77-998c-40d50a4fa3eb,Tabascosauce.free,available,44.98,,57,1,13,namecheap,,
01c19d39-2da1-41f1-b7b0-ca5ef88a1988,suggestions.free,premium,125,,56,5,11,name.com,,
01fb92e5-8315-443e-9350-8a8a99af475e,gears.free,available,44.98,,54,12,5,namecheap,,
020d4f85-9ac3-4692-b740-bc1031aca5c6,coats.free,premium,125,,68,12,5,name.com,,
024da8ad-20ab-472b-bf06-9c547cf2e65c,comeup.free,available,44.98,,74,5,7,namecheap,,
0255b616-6e12-4afa-8f6c-af3d69a0762a,orchestrated.free,available,44.98,,75,4,12,namecheap,,
0256e38d-345d-4252-8d5d-67a3defc95d8,IsleofWightCounty.free,available,44.98,,52,2,20,namecheap,,
028a81ff-3051-4cc0-8262-6290f5e1a50a,berries.free,available,44.98,,60,13,7,namecheap,,
02aee5e3-3726-4e07-80a0-e2780c6e77d2,waxpaper.free,available,44.98,,66,2,9,namecheap,,
02f52d54-7e2e-455e-aced-0c8f2482721f,chalkboards.free,available,38.99,38.99,52,2,11,namesilo,,
02fff284-eb63-45de-a21b-8e6841b1f470,events.free,premium,625,,68,37,6,name.com,,
031d0cd5-0d1f-4887-ba3e-13d9a7f54579,wears.free,available,44.98,,62,7,5,namecheap,,
032ef674-de95-4adc-811a-e7879b2b5774,pairofhands.free,available,44.98,,64,1,13,namecheap,,
032f8eb9-69bb-4928-bc79-4a8c2ed921d1,apartments.free,premium,625,,60,21,10,name.com,,
0343fa31-e207-4006-8587-a039cb993962,endconsumer.free,available,44.98,,68,1,12,namecheap,,
036553c6-d88c-4dab-8d0f-3c24577b1128,gowiththeturf.free,available,44.98,,66,0,16,namecheap,,
03811907-2353-45ed-9d8e-add6fe649fba,comeonline.free,available,44.98,,80,2,11,namecheap,,
038407f7-e503-4069-a60b-af9102a8784e,CincodeMayo.free,available,44.98,,68,7,13,namecheap,,
0393b8f4-5bb7-4f80-baf5-78297fff080f,newsstation.free,available,44.98,,52,3,12,namecheap,,
03a6b03b-07a7-4e41-a8ae-8267b058ee7e,objected.free,available,38.99,38.99,48,2,8,namesilo,,
03a708b0-0840-4562-b3d0-0ec84ec298d5,mosquitoes.free,available,44.98,,42,4,10,namecheap,,
03a710dc-3151-4e08-8af5-457db7356a4d,chickensoup.free,available,44.98,,84,4,12,namecheap,,
03aaaa43-2474-49f6-88fa-c2ff7a9bbcc6,officers.free,premium,125,,50,5,8,name.com,,
03ed806e-5261-4282-be9f-abfae8ee3638,filledin.free,available,44.98,,52,2,9,namecheap,,
04069b7e-aa65-42f8-bfb2-183cf60c4d80,colleagues.free,premium,116,116,56,5,10,namesilo,,
0413cb7c-27cb-450d-a7f4-32d8dd776d05,suspicions.free,available,44.98,,43,2,10,namecheap,,
0427f94c-1313-45c7-a567-7410d23f06aa,getlife.free,available,44.98,,80,5,8,namecheap,,
04504f56-d701-4bbd-b78f-3948aa51e347,dropahint.free,available,44.98,,78,1,11,namecheap,,
0456a0f9-76d8-484a-814e-f5aede1a5d63,parkin.free,premium,125,,59,8,7,name.com,,
0464754e-bf60-4225-821c-e673c7a1ffb5,shortest.free,available,44.98,,54,6,8,namecheap,,
0468e687-a5b3-4a12-abc6-7d3e1b96c0f4,brosbeforehoes.free,available,44.98,,38,1,16,namecheap,,
04bd1e6a-c0a4-4144-823b-a69af07eb409,retrieved.free,premium,125,,57,3,9,name.com,,
04cb477a-0146-4575-8630-cafc58cabd9a,coffeesugar.free,available,44.98,,62,0,12,namecheap,,
050bded1-8d93-4f94-8301-eaec4d925d7f,teamsport.free,available,44.98,,73,7,10,namecheap,,
054745e7-6405-4af1-87fc-1dd7419724ba,alcoholproblem.free,available,44.98,,30,1,15,namecheap,,
054b6ecd-f288-436e-b21b-343a79b6a6ac,inwriting.free,available,44.98,,72,3,10,namecheap,,
05731a3e-ac77-42f6-b370-62a73cb6d5d6,stepaside.free,available,44.98,,74,2,10,namecheap,,
058c2349-b421-4a96-b952-1335289da6ae,clearsailing.free,available,44.98,,72,1,13,namecheap,,
05b6fed0-eabb-4390-a063-d34c3220a709,cometofindout.free,available,44.98,,42,1,16,namecheap,,
05c32876-2bd9-414d-ab54-5d4a9d7c6001,reaches.free,premium,125,,70,5,7,name.com,,
05d7dc14-020b-495f-8ec5-c777387e07ed,porkribs.free,available,44.98,,55,1,9,namecheap,,
05e56c9d-7522-49ee-b25b-2ec8e3394840,barbecuedpork.free,available,44.98,,58,0,14,namecheap,,
062a809c-0126-4597-8030-7177e79b2e9d,godownfighting.free,available,44.98,,44,1,16,namecheap,,
0640e427-8677-4336-b53d-574d6b99dbea,thenandthere.free,available,44.98,,54,2,14,namecheap,,
0643520b-2171-4383-b3d9-25d1056fceb2,havetheblues.free,available,44.98,,58,1,14,namecheap,,
0643fff5-1b32-4197-aae9-fcf451e2015e,GrandMarnier.free,available,44.98,,70,3,13,namecheap,,
064a3345-294c-4d86-953b-3ecee8ee4966,uptill.free,available,44.98,,50,1,7,namecheap,,
065dbe5f-0e0d-4b7e-933d-507b3a880e70,letus.free,available,44.98,,79,13,6,namecheap,,
06795fe3-0092-43d8-ae07-23e1fbd10e82,bloodpressuregauge.free,available,44.98,,48,1,20,namecheap,,
06875584-a896-4781-8506-72bf3d9fb7c3,dogsledding.free,available,38.99,38.99,76,2,11,namesilo,,
0692d8d8-b3a3-4119-9c13-df59d112c237,seemed.free,premium,125,,58,4,6,name.com,,
06a20237-e537-40a3-9d7d-0d2217b06c27,cometobe.free,available,44.98,,72,0,10,namecheap,,
06b3589d-ca87-41b0-882f-c5fea9215246,roofs.free,available,44.98,,50,11,5,namecheap,,
06bbc978-a933-4400-af6b-1a5843dd988d,havenobusiness.free,available,44.98,,60,1,16,namecheap,,
06c7dd6a-c7ad-489c-b2da-52ed5d3037d8,thieves.free,available,44.98,,45,8,7,namecheap,,
06dca00c-8e60-4977-97e5-ae2f1d88810c,accounts.free,premium,125,,54,19,8,name.com,,
071b3afe-2a0a-4696-8a79-a82afffce733,objectives.free,premium,125,,54,5,10,name.com,,
072e51e8-758a-4df3-b20e-19a77657381f,businessstudies.free,available,44.98,,70,2,16,namecheap,,
07629bf7-107c-44ed-8813-66b30d7f30be,notarypublic.free,available,44.98,,66,11,13,namecheap,,
07686c4e-aac8-40dd-9b7e-d8b8235eb93d,owning.free,available,38.99,38.99,52,7,6,namesilo,,
07766af2-bb55-4250-848e-2fc9f9f40eaa,axes.free,available,44.98,,36,10,4,namecheap,,
077f57c7-c62c-450c-8374-bfc5d0fffeea,pizzatopping.free,available,38.99,38.99,48,1,13,namesilo,,
078b8926-c652-4435-8a60-69759c1b1e67,thousands.free,premium,125,,56,5,9,name.com,,
07c63ce6-0af8-4c8d-b199-9ba3b21eea59,dues.free,available,38.99,38.99,70,6,4,namesilo,,
0825ebb7-966b-46cd-aec3-a68eea8369f2,asperusual.free,available,44.98,,48,1,12,namecheap,,
0830e405-4c85-4934-b259-76499c72e11c,pointofcare.free,available,44.98,,70,4,13,namecheap,,
0845ffef-93d1-403e-9ffa-e1fd9000c0f1,midDecember.free,available,44.98,,80,1,12,namecheap,,
087ba4bb-1f2f-43cd-8651-7ac400d8a366,makeoneselfclear.free,available,44.98,,70,1,18,namecheap,,
0880dc02-7c52-48ca-8d4a-ce409f39109c,mistakenidentity.free,available,44.98,,52,2,17,namecheap,,
088985b0-2b07-444d-96b8-3affbfe26b44,peed.free,available,44.98,,54,4,4,namecheap,,
088e7f72-41f2-44df-988c-a662082ec80e,relics.free,available,44.98,,52,7,6,namecheap,,
088fe55c-5a69-458d-b04a-81a9f51aa2da,teachers.free,premium,1250,,56,22,8,name.com,,
089c01b7-c83b-4a26-a5c4-e1c06e820b92,inthisinstance.free,available,44.98,,44,1,16,namecheap,,
08cb8858-8dcf-4968-a532-73c713330f8b,volunteers.free,premium,125,,62,12,10,name.com,,
08e983a7-f0d8-4dc8-96f0-ffbe87bfbfad,fitinto.free,available,44.98,,84,2,8,namecheap,,
08fb0203-ccc4-4f30-8673-a02353de803a,newsfeature.free,available,44.98,,50,1,12,namecheap,,
0906fa80-ff9b-4ee1-9f38-ab94d1999a2b,gobackalongway.free,available,44.98,,66,1,18,namecheap,,
09128010-6841-4270-a9a1-4adebbcdf718,keepout.free,available,44.98,,70,3,8,namecheap,,
09d4fdc4-95d6-4743-83cb-9377548402a8,referto.free,available,44.98,,66,3,8,namecheap,,
0a12fa2a-a06a-4d3b-8665-9fbf5b4a83b8,Xrays.free,available,44.98,,52,5,6,namecheap,,
0a2318dc-710f-4b71-8e8e-82c58fc821e2,enterthescene.free,available,44.98,,62,1,15,namecheap,,
0a357df9-c43f-4144-b859-c5ff26b962aa,makethenews.free,available,44.98,,72,2,13,namecheap,,
0a43c949-6f41-4761-9187-50df9ef89d08,stirup.free,available,44.98,,82,3,7,namecheap,,
0a54e12b-e3db-45e6-8598-1c032b1cf861,IChing.free,available,44.98,,68,14,7,namecheap,,
0a5e13ea-2599-4be9-ab0c-ea48c625e5fe,CountyofQueens.free,available,44.98,,44,1,16,namecheap,,
0a6052e6-07dc-4408-a30f-99d8a4e06890,believes.free,premium,116,116,64,4,8,namesilo,,
0a66e22d-7994-490d-9993-80d33902ea30,someoneelse.free,available,44.98,,54,3,12,namecheap,,
0a8d050c-329b-4c65-8eca-37a36ce21e14,tostartwith.free,available,44.98,,52,1,13,namecheap,,
0aa7f7f7-33df-40c6-92bf-a6dc9618d5fe,tubes.free,premium,1107,1107,48,12,5,namesilo,,
0acf30ca-3a20-4b3d-b6d3-f55fb2c07a50,joggingsuit.free,available,44.98,,61,1,12,namecheap,,
0ae7ff45-8584-4e08-95cd-a1d9d46c9bdf,coffeemilk.free,available,44.98,,80,3,11,namecheap,,
0b0fc504-9604-47e1-920d-1b2a630bccac,godown.free,available,44.98,,74,5,7,namecheap,,
0b278586-a27e-4249-ac25-0b2639814710,believein.free,available,44.98,,68,6,10,namecheap,,
0b5db1c0-9f5e-4669-bf34-31461a3004ab,lightup.free,available,44.98,,82,15,8,namecheap,,
0b5e94fd-7b39-4ff8-84b3-8c66b31378ca,favours.free,available,44.98,,66,4,7,namecheap,,
0b5f9b99-8a6f-4618-906a-55bbcf566c04,produces.free,premium,125,,54,5,8,name.com,,
0b87b6a7-9d04-4619-acc8-05e01da355f3,advisors.free,premium,125,,52,16,8,name.com,,
0bb16aca-3280-478a-b3a0-e1c47374ef85,letthematterdrop.free,available,44.98,,47,1,19,namecheap,,
0be757a7-20c9-4627-8510-6b30f4caeec7,merrygorounds.free,available,38.99,38.99,54,0,15,namesilo,,
0c577db2-fef4-4a1a-9412-9b47325cae68,dangers.free,available,44.98,,46,6,7,namecheap,,
0c66e536-6966-42a3-9792-fca5655efacd,imutation.free,available,44.98,,76,1,10,namecheap,,
0c6b1957-c5dc-4232-8188-c0013fd321dd,runon.free,available,44.98,,67,4,6,namecheap,,
0c83724e-1f09-4b9a-9034-fa0045f5ef68,fellowhumanbeing.free,available,44.98,,44,1,18,namecheap,,
0cdb78ec-02f4-4c8d-92fe-06e55f18217c,buses.free,premium,625,,58,10,5,name.com,,
0d067330-ccd2-4c1e-9c3d-f3185fad68d7,Iputittoyou.free,available,44.98,,50,1,15,namecheap,,
0d1132ce-d04e-46f8-b181-fff6a7c9f21c,getover.free,premium,125,,79,4,8,name.com,,
0d12e506-b665-492d-8622-6ce138768d60,flips.free,available,38.99,38.99,52,12,5,namesilo,,
0d2f94dc-a509-4689-a2d7-8d82adfe8288,pls.free,premium,1250,,60,23,3,name.com,,
0d7d2077-6722-4fa0-ae78-c0b0a4d95d0e,toomuch.free,available,44.98,,78,11,8,namecheap,,
0dc17748-594c-4a83-a7e9-e80679deeb57,agreements.free,premium,125,,54,6,10,name.com,,
0dc70ad3-62c3-4bda-8bd7-642863d79c55,letpass.free,available,44.98,,56,1,8,namecheap,,
0dd3e20d-5ee6-4f92-8c39-5af0e42ab635,accountpayable.free,available,44.98,,62,2,15,namecheap,,
0dd87f88-57dd-467c-9dfb-576f337c6bc0,artgalleries.free,available,38.99,38.99,57,4,13,namesilo,,
0ddae4e7-08d5-4085-8d73-0df15ffe6a3a,traders.free,available,44.98,,60,26,7,namecheap,,
0ddaee2c-7256-4a07-98f7-18d3ceb6706f,ifthecapfits.free,available,44.98,,55,1,15,namecheap,,
0de664d1-b6fa-4e55-a341-8505d294e88d,shoparound.free,available,44.98,,80,3,11,namecheap,,
0dee6369-738e-4f9b-8c6f-43f68920683a,paths.free,premium,625,,53,13,5,name.com,,
0e110cd3-59ce-47f9-a87b-fa735d144b5b,responded.free,premium,125,,52,2,9,name.com,,
0e4369cf-f967-4495-8da0-1ce18944757f,tornadoes.free,available,44.98,,50,2,9,namecheap,,
0e50eb20-f813-4178-a89c-172fc50abd5f,leton.free,available,44.98,,76,5,6,namecheap,,
0e5a7a75-5c3b-4bf4-b368-19eae90e5255,snaps.free,available,44.98,,52,20,5,namecheap,,
0e9e7fa8-ae40-43e2-b084-717ae3aeb6ec,distributed.free,premium,125,,64,21,11,name.com,,
0eafe986-12c5-4668-bae2-fb3b12544996,missionimpossible.free,available,44.98,,68,5,18,namecheap,,
0edda8aa-b086-4ac3-9b40-007a0d166a29,makeknown.free,available,44.98,,78,4,10,namecheap,,
0ef39fe6-5306-424b-a724-e4fa3c950037,arguments.free,premium,125,,54,7,9,name.com,,
0efe8863-2a08-4bad-87b9-563b3bb98909,gobonkers.free,available,44.98,,70,1,10,namecheap,,
0f4afc08-0803-452d-8aeb-13991d2ea932,hasone.free,available,44.98,,54,1,7,namecheap,,
0f4f6d97-2a62-4924-aa63-a7a68f6ea82a,prosandcons.free,available,44.98,,59,3,13,namecheap,,
0f50ba9b-2f8d-4c84-8bcc-158a56f963b9,motorinsurance.free,available,44.98,,60,4,15,namecheap,,
0faad008-b6e2-41df-9dd9-9098d8f2d815,sockit.free,available,44.98,,70,5,7,namecheap,,
0fb093ed-32de-410b-ad9c-eea31e3dc4b6,principally.free,available,44.98,,60,1,11,namecheap,,
0fb4eeab-0726-4c7c-86c2-211aa71f3392,tonedown.free,available,44.98,,72,1,9,namecheap,,
1011119a-45f0-4807-b3f2-2ce59f068741,getoneselftogether.free,available,44.98,,49,1,20,namecheap,,
10118494-7851-4fd2-b645-81a52e9f9383,amplifies.free,available,44.98,,56,2,9,namecheap,,
10536548-1c13-4dbc-924c-8753b8609aee,dates.free,premium,1250,,56,15,5,name.com,,
106a05c2-fadc-4990-940e-e2eea3e29dc4,fanmail.free,available,44.98,,74,7,8,namecheap,,
1073f784-4fe9-488f-9251-8e1a7013425d,ventilators.free,available,38.99,38.99,48,4,11,namesilo,,
1083f786-3f47-445c-b3bc-114d6a1a1b16,pairofshades.free,available,44.98,,65,0,14,namecheap,,
10857515-b6e6-41f0-a255-4362ad1dbdfb,payoff.free,available,44.98,,70,8,7,namecheap,,
10884b80-650e-40e0-87d1-a908c63f8cb6,comeundone.free,available,44.98,,66,2,11,namecheap,,
1094ad9a-dec2-4058-a381-0733b80f27d1,requirements.free,premium,125,,56,9,12,name.com,,
10969038-6f89-4a6c-b1b8-fa6fd40ad810,alcoholusedisorder.free,available,44.98,,48,1,20,namecheap,,
10ad742d-d3d2-4eee-abe1-43d178ac65f5,devotes.free,available,38.99,38.99,56,2,7,namesilo,,
10e79842-1554-456f-9966-b843a029bc00,likes.free,premium,625,,52,20,5,name.com,,
10f0cb59-7efe-4c42-b1f4-3fe970aa2cc9,talked.free,premium,125,,62,6,6,name.com,,
10f0d685-4ec8-4dc7-99e1-3238983639b7,coulduse.free,available,44.98,,56,1,9,namecheap,,
10f5296c-c220-48d6-8ed4-2efd7ea81c3d,gotoplan.free,available,44.98,,66,1,10,namecheap,,
10fa3d96-1c3f-4240-bbdc-6a745874e161,tablespoonful.free,available,44.98,,58,1,13,namecheap,,
11065735-093e-463b-a4bc-4e0421578e0c,rakeover.free,available,44.98,,66,1,9,namecheap,,
111dfed2-0a59-46ac-8502-bf92fda424ca,nurses.free,premium,1107,1107,54,13,6,namesilo,,
11308cee-7fb7-421b-a912-54670c901517,sizes.free,premium,625,,50,5,5,name.com,,
114514bf-19a0-4fd3-a290-217308738f0f,lostandfound.free,available,44.98,,64,19,14,namecheap,,
11565dc6-80bf-40cb-b5d4-82f68d7b0ba7,goingaway.free,available,44.98,,54,1,10,namecheap,,
115b1043-b0ed-40d8-9177-5ceda4c65b12,getoutta.free,available,44.98,,54,1,9,namecheap,,
116fe298-c6aa-42f8-a9de-8c4d76853d44,cutthrough.free,available,44.98,,74,6,11,namecheap,,
118c4e69-6cb6-4f2d-85a9-8aadda0144ba,instruments.free,premium,125,,62,11,11,name.com,,
11932321-587f-49de-8baa-2efbf3e167ad,pennies.free,available,44.98,,56,6,7,namecheap,,
11a0d08e-01e7-458e-a2db-575d7b032377,ladiesandgents.free,available,44.98,,68,2,16,namecheap,,
11be0f00-3289-405f-aed0-e88389258827,barup.free,available,44.98,,82,2,6,namecheap,,
11c49045-33c8-469f-8f02-0e982bec3f95,manysortedlogic.free,available,44.98,,64,1,17,namecheap,,
11e43c81-0f4e-43f8-8ac7-c5e38172800f,introduces.free,premium,125,,58,2,10,name.com,,
11f398b8-f956-419d-a0a4-811c996071e0,leaveon.free,available,44.98,,80,1,8,namecheap,,
1207f5b5-6051-4248-9272-c1409d4f27b5,FinalJudgment.free,available,44.98,,54,2,14,namecheap,,
12317b50-d177-44be-a489-ea99bb9730c3,getupto.free,available,44.98,,74,2,9,namecheap,,
126f61ac-e864-43e2-a36a-cfd0729ba295,motorinn.free,available,44.98,,74,1,9,namecheap,,
12707c37-f449-4dda-bdfb-5df7f161b1a6,IsleofWight.free,available,44.98,,54,9,13,namecheap,,
1270e18e-628f-4dd2-9948-e20b8854f7e4,observations.free,premium,125,,56,6,12,name.com,,
127d8ac7-f338-4589-8759-36681be8ce8e,yards.free,premium,625,,66,9,5,name.com,,
128250b6-3029-4a2f-8830-9feb05d51698,chiefmagistrate.free,available,44.98,,42,1,16,namecheap,,
12a2acfd-3546-4788-9132-8886fb7b863c,dogsbodies.free,available,38.99,38.99,76,1,10,namesilo,,
12acda41-30f4-4b53-8656-d129c493ea06,affirmation.free,available,44.98,,82,10,11,namecheap,,
12c47e70-bd28-4363-93bd-b6689063dacc,inthelongterm.free,available,44.98,,60,1,16,namecheap,,
12c8ff26-7712-4aa1-b7a7-6b48f3c94dcb,remained.free,premium,125,,50,2,8,name.com,,
12e4bea2-bc08-4498-b8b5-0c01dc10bb38,extras.free,premium,125,,56,11,6,name.com,,
12ff77a4-f294-40f4-9199-08e859cf24a6,affections.free,available,44.98,,62,2,10,namecheap,,
13108511-8f4e-4b0b-b942-5e6edba38b07,dowithout.free,available,44.98,,68,1,10,namecheap,,
132a3516-ad07-457f-b370-f7df9adbcf4d,adjectives.free,available,44.98,,50,3,10,namecheap,,
1330c49b-05f5-46ab-b4b7-d999f65055ca,costcontrol.free,available,44.98,,52,4,12,namecheap,,
13349958-4403-47c0-a318-420a1ab4f65a,printmedia.free,available,44.98,,78,6,11,namecheap,,
13898ff4-bb15-4769-8f60-1bba6a2e004b,coffeeroyal.free,available,44.98,,80,1,12,namecheap,,
138f84ee-b095-4b9e-abbe-e5d06210d7cc,houses.free,premium,125,,66,18,6,name.com,,
13afbce0-3709-41c1-b10d-c3be82e2fba3,styling.free,available,44.98,,78,11,7,namecheap,,
13b4d8bd-63c2-42a4-b699-b8928a5d4cb3,jobs.free,premium,1250,,79,42,4,name.com,,
13b7d83d-ac4e-4944-98a6-c3fe60925d2d,cheeseit.free,available,44.98,,54,2,9,namecheap,,
13ce762f-d154-4839-9c6a-a98843686db7,herbaltea.free,available,44.98,,80,5,10,namecheap,,
13e28ab5-20ff-4eca-925d-af18dc86e5c5,intrinsicvalue.free,available,44.98,,66,4,15,namecheap,,
13f5657d-a18c-4b2e-a836-9e6fb0590bda,thinks.free,premium,125,,64,10,6,name.com,,
1416cc93-ba2b-41da-b26f-e1196b72846b,congregational.free,available,44.98,,56,2,14,namecheap,,
1416d798-9024-4d4b-8d83-70296506b375,keepfit.free,available,44.98,,86,9,8,namecheap,,
145c55a4-b899-484a-b2ca-cf0bb067e7b0,monkeys.free,premium,125,,56,13,7,name.com,,
146fda28-0e66-4d6c-b84d-fece0b5158fb,tourists.free,available,44.98,,58,7,8,namecheap,,
14ac4194-cbc0-4543-99c0-a723c18323de,practicality.free,available,44.98,,72,3,12,namecheap,,
14b61ec9-13a3-4376-97c1-a10b1a26ed67,surroundings.free,available,44.98,,75,4,12,namecheap,,
14dda8a9-a461-425a-aa0a-159693f5d02b,nets.free,available,44.98,,54,81,4,namecheap,,
14e4d527-8440-4f58-b828-fb02eeb2c390,goplatinum.free,available,44.98,,76,1,11,namecheap,,
1512513e-94c9-4e78-b022-ca0364a33ac3,moveit.free,available,44.98,,77,13,7,namecheap,,
1527ee28-bc76-483e-91b7-d35cb7bc999a,flipflops.free,available,44.98,,52,5,10,namecheap,,
152c7001-676f-447c-a962-61c2ca4906ed,paperingover.free,available,44.98,,53,1,13,namecheap,,
1538bab6-33a9-439a-8f92-99a470bd2e0f,gobananas.free,available,44.98,,74,7,10,namecheap,,
1554e483-e0f9-4ce7-af09-94f25c0016df,arrived.free,premium,125,,50,12,7,name.com,,
15607787-4a5f-4691-8e82-8e9a985d131f,keepitmoving.free,available,44.98,,68,5,14,namecheap,,
15759d5c-1381-4be6-911d-a4af060e573b,lets.free,premium,1250,,77,39,4,name.com,,
158075f2-d1bf-41ca-af03-c18338643178,backs.free,available,44.98,,56,5,5,namecheap,,
15955f1f-50f1-48ce-98e9-cc4b35f4746e,manages.free,available,44.98,,56,3,7,namecheap,,
15f64aa6-c48d-4536-99ee-45c36e0fdad5,donuts.free,available,44.98,,54,62,6,namecheap,,
1697e12c-7812-48bd-8158-b5963f05f8ec,officemanager.free,available,44.98,,49,5,14,namecheap,,
16c373fd-c2b3-4b41-a49a-33ea6fbdb9bf,fundamentalism.free,available,44.98,,58,2,14,namecheap,,
16c64491-c2b0-4c2c-baa1-b7e95193d587,makestrides.free,available,44.98,,78,1,12,namecheap,,
16e01686-587e-436e-ac12-d947bf4dedeb,costofbusiness.free,available,44.98,,44,1,16,namecheap,,
16ea3b30-1e8a-4a8e-b375-a9a0e6333233,cousins.free,available,38.99,38.99,68,11,7,namesilo,,
16f246a6-f089-4e08-a5e1-f5c9f0af2ca9,havekittens.free,available,44.98,,66,1,12,namecheap,,
1716c180-18b2-4658-9713-ea7aaaba754a,communityservice.free,available,44.98,,72,5,17,namecheap,,
17246932-8485-4f50-bbda-902b353e2be8,termed.free,available,38.99,38.99,48,4,6,namesilo,,
175dd850-1941-4aaf-8a5a-3c4b27d7d356,trailers.free,premium,1107,1107,54,15,8,namesilo,,
1776ca7d-04df-4e2a-a5c9-dbb902df4b54,hookups.free,premium,1250,,74,9,8,name.com,,
178dad05-d7a8-427d-b63d-60299055d440,etc.free,premium,3125,,58,34,3,name.com,,
17ddb393-ca1c-47c4-84c5-dd373b158f83,calendars.free,premium,1250,,50,13,9,name.com,,
17f95eb0-fc86-44e5-b8e8-19953f501f2e,goingover.free,available,44.98,,72,1,10,namecheap,,
18111db3-576f-48b2-ba95-8329b5847dd9,offices.free,premium,125,,60,16,7,name.com,,
18121071-af7c-4da7-8278-02fe15740b6d,resulted.free,premium,116,116,46,2,8,namesilo,,
181be3e5-f1fb-4517-ba6d-0c5f42a06cff,gonefishing.free,available,44.98,,72,7,12,namecheap,,
1834f630-08a2-4ac2-a43a-a7e6e0490910,tornados.free,available,44.98,,50,4,8,namecheap,,
184e46d1-f699-4e5f-ad65-eefa80150080,ontheropes.free,available,44.98,,59,2,12,namecheap,,
185d5612-5b94-4543-9605-f1aef6f9b4a6,StGeorges.free,available,44.98,,54,6,10,namecheap,,
1860c7aa-31ab-4f90-95f0-113d214fea25,promotes.free,premium,125,,56,2,8,name.com,,
1887cc18-aef8-4229-8062-be958cefd37b,WorldWarIII.free,available,44.98,,48,3,13,namecheap,,
18a52150-9e86-4925-b564-f8be47bd67db,seemlike.free,available,44.98,,54,0,9,namecheap,,
18ee84e3-256e-4a5a-9965-aaac3753da59,gems.free,premium,116,116,70,28,4,namesilo,,
18fdae2a-1a11-4ad2-9677-701668de0915,filesharing.free,available,44.98,,76,7,12,namecheap,,
190494e8-f450-4ddb-a9c3-da0e28d71260,keepsomeoneposted.free,available,44.98,,66,0,19,namecheap,,
191803fc-37ee-490a-b598-1a53987e7bf7,gonowherefast.free,available,44.98,,50,1,15,namecheap,,
1963478d-7b6a-4b79-8180-8cab81a95406,gearup.free,available,44.98,,80,16,7,namecheap,,
197d3fc7-2061-4bde-b9fc-b83186418d0c,clipart.free,available,44.98,,74,8,8,namecheap,,
19cb4005-20b4-4218-be81-938cf5448956,gettingeven.free,available,44.98,,48,1,12,namecheap,,
19cc1a52-669d-4dd6-ba26-5f038fa3ba7e,haveto.free,available,44.98,,78,3,7,namecheap,,
19cf657e-ccae-4e68-b4e3-f85a587920c7,arrives.free,premium,116,116,50,3,7,namesilo,,
19ea36b7-3f42-475f-b7ed-c8eff2e15bf2,standupguy.free,available,44.98,,72,2,12,namecheap,,
1a063261-4d0a-4fc0-bcda-9f4c59ed2a71,commonterm.free,available,44.98,,68,1,11,namecheap,,
1a0c8bad-45e3-4e61-9a73-54a1da9e7ec7,majorityminority.free,available,44.98,,42,0,17,namecheap,,
1a9cd933-e7a2-471b-a3e4-a13012b4e0bd,patientcare.free,available,44.98,,79,8,11,namecheap,,
1abc98e5-b152-44b7-b029-d60698fc9928,recaptured.free,available,44.98,,48,2,10,namecheap,,
1acc5cce-19ad-4d2b-9af5-c109dd96540e,remarks.free,premium,125,,56,6,7,name.com,,
1b092ac2-3c21-4435-883c-b5f7e2db4204,textmessages.free,available,44.98,,52,3,13,namecheap,,
1b2b8cd5-7611-415e-9b4a-08a38e1a1cfe,turnovers.free,available,38.99,38.99,50,2,9,namesilo,,
1b3c58e5-dd00-4ab3-b2ec-efd26811e9bf,skies.free,available,44.98,,63,11,5,namecheap,,
1b43314f-138b-498f-ab64-f932952b5706,starts.free,premium,125,,54,9,6,name.com,,
1b58a5c9-9680-4251-a71e-a7cc6583142c,wellmanaged.free,available,44.98,,60,4,12,namecheap,,
1b695c50-f976-42d8-b72c-3ebd9825feba,gotobatfor.free,available,44.98,,42,1,13,namecheap,,
1b777c0c-1cea-4159-a517-0b0c139ddd68,goaround.free,premium,125,,74,4,9,name.com,,
1b7832f6-6828-410d-b65d-c142edc5692e,homes.free,premium,625,,86,34,5,name.com,,
1b99daf0-652e-4c94-93f7-a1fdaaa2c1c7,sticks.free,premium,125,,60,11,6,name.com,,
1b9ab253-e92d-422e-9ce1-eba04d5e4179,officehours.free,available,44.98,,75,10,12,namecheap,,
1bb03368-e7b0-443a-aa5f-a027a324b5e3,arriveat.free,available,44.98,,70,1,9,namecheap,,
1be50553-860e-4d87-b969-445fc3ac1af0,investors.free,premium,125,,60,23,9,name.com,,
1bfa0eef-194d-4717-86e9-c4af1bda8641,victims.free,premium,125,,42,5,7,name.com,,
1c0f474f-d931-40d7-82c0-c91b8e9f772d,pricecut.free,available,44.98,,68,5,9,namecheap,,
1c0fb1e5-57f6-4811-b263-dd77a1bd47d0,penalties.free,premium,125,,68,3,9,name.com,,
1c1d1bf4-bacb-4e9e-9f0c-906c00b87990,makeinto.free,available,44.98,,76,1,9,namecheap,,
1c2c1598-2907-4257-8398-812ba009174f,Containers.free,premium,116,116,54,17,10,namesilo,,
1c49dabb-ce51-490f-889f-d0ec40535661,dogsbark.free,available,44.98,,76,1,9,namecheap,,
1c517d43-813a-45ce-a5cb-280e43fe9065,youwish.free,available,44.98,,60,5,8,namecheap,,
1c6b0e2e-df0d-4de8-aaa9-79c060493020,fillaway.free,available,44.98,,70,1,9,namecheap,,
1c8ee175-9021-4dd2-83e2-37b40988709b,temporarily.free,premium,125,,62,4,11,name.com,,
1c9b0bad-a03b-4c87-b6e9-d200a5e23d4b,commonhousefly.free,available,44.98,,42,1,15,namecheap,,
1cd05d30-afaa-4bb6-84b0-8d07bd263a6e,seas.free,premium,1250,,58,13,4,name.com,,
1cea74e2-56f4-42f1-a610-44033dbdbeb2,males.free,premium,1250,,58,9,5,name.com,,
1d479f79-1131-473f-96f6-81ddc0098e19,gooutlikealight.free,available,44.98,,62,1,19,namecheap,,
1d718d6a-dbb3-47c1-8057-5d6f0d171431,Sundays.free,available,44.98,,61,17,7,namecheap,,
1d7b27e1-2c37-475c-b7ae-3446cd7d8641,getlaid.free,available,44.98,,76,6,8,namecheap,,
1dbcd081-5596-4c5d-b367-652097fc153b,DakotaCounty.free,available,44.98,,52,2,13,namecheap,,
1dbe5225-40e9-4041-9958-4cafb2706145,Icouldeatabrick.free,available,44.98,,50,1,19,namecheap,,
1dc4f51b-6987-4e75-9f31-de7257334c4f,fractions.free,available,38.99,38.99,52,7,9,namesilo,,
1dd50bde-d4ae-4776-b71d-794ce29c941b,lordoftherings.free,available,44.98,,80,5,17,namecheap,,
1de296e4-8f04-4f5b-b914-b08afaa227c5,comeonstrong.free,available,44.98,,66,2,14,namecheap,,
1de2df36-8f06-4427-8f12-b412238832f1,likeso.free,available,44.98,,52,1,7,namecheap,,
1e08b8b6-dc22-40c5-a8e8-d43db5d67ea7,yams.free,available,38.99,38.99,56,10,4,namesilo,,
1e18fe9c-fbf9-4589-a5e5-a1f2d2439f7f,windowdisplay.free,available,44.98,,42,2,14,namecheap,,
1e1ef2c7-3773-40af-b936-a95484d91600,pairofshoes.free,available,44.98,,67,1,13,namecheap,,
1e3a0796-0790-44e1-9a80-b5cc56887d2d,speeds.free,premium,116,116,53,8,6,namesilo,,
1e3f5e03-fc59-4ca1-9234-cb0e46474c69,Snickers.free,available,44.98,,80,10,8,namecheap,,
1eba5175-dd2f-401e-b31a-de62ba957505,targets.free,premium,125,,54,10,7,name.com,,
1ebd3626-cbfb-4f2e-892f-61aec478f572,longfor.free,available,44.98,,70,3,8,namecheap,,
1ece9cd2-fc33-44a2-84d1-226378d0c26d,winners.free,premium,625,,60,81,7,name.com,,
1f12b489-8587-4021-9397-cc679a9eaa3e,chunks.free,available,44.98,,46,8,6,namecheap,,
1fc2856a-e51c-4caf-89bd-99ff9acddb29,shareholders.free,premium,125,,50,5,12,name.com,,
1fd8b960-7689-41a5-abfd-3b63238830d1,gopast.free,available,44.98,,68,0,7,namecheap,,
20060996-071e-4a6c-a8b2-e4222e2c3eab,arrows.free,available,44.98,,52,14,6,namecheap,,
20310f2a-c330-4ddb-9d9d-c4ba79809197,comics.free,premium,1250,,68,24,6,name.com,,
2036f43a-af2e-4db9-a199-f851772cea07,getoffon.free,available,44.98,,76,0,10,namecheap,,
203fbc72-e730-4300-b767-e3163c34b8ce,VirginiaBeach.free,premium,140,140,58,9,14,namecheap,,
2040737a-248e-4359-9190-f621af366ea1,determination.free,premium,125,,70,9,13,name.com,,
2061eb50-093b-4e7a-819c-e801dc65a8b2,warned.free,premium,125,,54,4,6,name.com,,
206c6ad4-8846-43fe-8522-15ae196bb504,bubbles.free,available,44.98,,72,21,7,namecheap,,
207025af-24d4-406b-bf6e-add30c9ecd10,urged.free,available,44.98,,60,3,5,namecheap,,
207d4eca-3266-4846-89ca-de42380e3bfc,shadows.free,premium,125,,54,16,7,name.com,,
2084435f-98e5-45a5-b877-1d8959820561,snapped.free,available,44.98,,52,6,7,namecheap,,
20abd6ec-ac03-49bb-9e1f-13b104d4481d,hills.free,premium,625,,65,20,5,name.com,,
20ba03ec-1060-4e91-9c65-c93ecb14d8f4,costefficient.free,available,44.98,,60,1,14,namecheap,,
20ba230d-2588-43f6-a062-69ddc8b5d8cd,sees.free,premium,1250,,52,10,4,name.com,,
20cba8d4-a7c5-44a8-957e-c4a3b5bde1ce,thefixisin.free,available,44.98,,38,1,13,namecheap,,
20d7f3a8-25e1-410a-989b-8b067c2adb49,wonders.free,available,44.98,,62,16,7,namecheap,,
20d9d357-4329-446d-92ac-53737e942b91,railways.free,available,38.99,38.99,51,6,8,namesilo,,
2101f71d-acbc-429e-b126-664e4ff515db,hillclimbing.free,available,44.98,,68,2,13,namecheap,,
211df1a7-37a7-40ab-b7ea-5b0306a13451,roastbeef.free,available,44.98,,80,4,10,namecheap,,
212c2ff7-41fe-45f6-a77a-4e7e203ac695,RiceBubbles.free,available,44.98,,60,1,12,namecheap,,
2130cdf9-9167-46a8-8a25-6ff4ac863d2e,murmured.free,available,44.98,,56,2,8,namecheap,,
2131e797-8359-4e98-ab67-31a9c50d18b9,paintthinner.free,available,44.98,,56,1,13,namecheap,,
2138c2be-44f2-4353-b654-6d0a7d38ec3a,inyourdreams.free,available,44.98,,40,3,14,namecheap,,
2190fe5a-8ca5-489c-8d6c-4703d07c026e,wagons.free,available,38.99,38.99,52,4,6,namesilo,,
21a2e1c6-20cb-42ec-b7a5-88289640e452,variations.free,premium,125,,46,5,10,name.com,,
21aa16c2-5781-461b-bcb5-71c4a9ba542c,fights.free,premium,116,116,55,9,6,namesilo,,
21b248d0-2b96-430f-aa94-341391aff487,comeonto.free,available,44.98,,72,1,10,namecheap,,
21ba4091-e989-4c25-9b1f-a4e103c9cd21,behindschedule.free,available,44.98,,38,1,15,namecheap,,
221d5a80-060e-4304-96b2-2b4766a489f0,goby.free,available,44.98,,74,9,5,namecheap,,
222e8895-c979-4406-a769-42d831bbe671,sideburns.free,available,44.98,,76,3,9,namecheap,,
224d5d03-fe56-4de0-8fd5-dfa8cf8da995,sanctions.free,available,38.99,38.99,52,8,9,namesilo,,
224ef1ca-6070-4982-aa9e-661a2e7307ce,goosebumps.free,available,38.99,38.99,56,12,10,namesilo,,
2266eaf3-85f6-4e12-a19f-2cd4b7ccf02a,sqft.free,available,44.98,,72,9,5,namecheap,,
22b99204-4a60-4b8d-b3fb-e5ad8d1bb12d,havethebestof.free,available,44.98,,48,1,16,namecheap,,
22c66ffe-352d-449c-9187-a9cc13dd1ad5,coffeeklatsch.free,available,44.98,,72,1,14,namecheap,,
22f21138-ec98-479c-b637-b2c983c95b45,chickenofthesea.free,available,44.98,,68,2,18,namecheap,,
22f67a37-a518-4fc0-83bf-78adfff63747,CountyofRiley.free,available,38.99,38.99,42,1,15,namesilo,,
2302c2b5-2862-446d-9505-9492458b1637,getpastoneself.free,available,44.98,,62,0,16,namecheap,,
2344f57c-b76b-4b0f-9fc1-7646e3bd1fd4,dropsomeonealine.free,available,44.98,,70,0,19,namecheap,,
23545d21-0d08-44a2-9676-9a3db1845ec1,gobackon.free,available,44.98,,72,2,10,namecheap,,
23547f54-ee5d-4c69-9195-aaf4698fef58,executivecontrol.free,available,44.98,,64,1,17,namecheap,,
2384869c-a55c-4139-9044-d0bedfd0d013,contemplating.free,available,44.98,,42,3,13,namecheap,,
23927264-1710-4516-8170-f0d4cf662a17,deadonarrival.free,available,44.98,,46,2,15,namecheap,,
23c239dc-a7ab-4eb9-8d62-54c62dd7b7c8,Occupations.free,premium,140,140,50,3,11,namecheap,,
23d19e4b-956f-4861-b454-dca837eef778,finalsweek.free,available,44.98,,52,1,11,namecheap,,
24089d43-714e-45ea-9914-5cc5a84fc777,clipit.free,available,44.98,,76,12,7,namecheap,,
24340a7e-9535-45ad-9a23-d4a94a739b19,TwinTowers.free,available,44.98,,66,4,11,namecheap,,
2455d46c-68d3-4ff6-a1ee-6f3d5de3ae06,tells.free,premium,625,,62,7,5,name.com,,
24a60fc3-621a-426f-8b83-f745af91c902,makenoise.free,available,44.98,,78,5,10,namecheap,,
24a9f83d-ea94-4aa3-8c38-31f404011832,longterm.free,available,44.98,,72,10,9,namecheap,,
24c69a8a-fa1f-47ec-a7a1-ba877460868c,advertisements.free,premium,125,,54,7,14,name.com,,
24fb17b4-0944-4e3b-b2ae-a025e82364ca,underwater.free,premium,125,,64,15,11,name.com,,
25230b2f-f1b9-4089-ad9b-041b3bbc5209,edamame.free,available,38.99,38.99,80,9,7,namesilo,,
253513bf-ab88-4754-bba7-34c420033c0e,gotosleep.free,available,44.98,,72,3,11,namecheap,,
254929dd-aa38-4189-8293-11608a16f36e,onstage.free,available,44.98,,64,14,8,namecheap,,
2549eb59-f080-4f0f-82eb-5469ad3dfd83,fasttimes.free,available,44.98,,80,3,10,namecheap,,
259adad7-d64a-419d-afe8-e1699f1568cc,limits.free,premium,125,,55,11,6,name.com,,
25b94413-5744-48e1-8593-cadad52807f3,reallife.free,available,44.98,,68,17,9,namecheap,,
25c7a353-a674-4a82-9ef5-56a4b8e20be0,coffeesenna.free,available,44.98,,80,1,12,namecheap,,
25ceab29-a205-471d-9639-4badb876b5cc,structurally.free,available,44.98,,48,3,12,namecheap,,
25d02988-8a5d-4c65-aba8-54206e725fc1,tbsp.free,available,44.98,,63,5,4,namecheap,,
25d914a3-f636-4383-b23c-53daa1a72558,sexualassault.free,available,44.98,,43,3,14,namecheap,,
25e55af0-3d20-4271-9f8c-6f5231d7fff5,AcademyAward.free,available,44.98,,76,1,13,namecheap,,
25ef95cc-3248-477e-829e-14523aad976d,rubbed.free,available,44.98,,62,2,6,namecheap,,
261216e0-1373-4cc4-906e-2983a4ea8f18,gotothewashroom.free,available,44.98,,56,1,18,namecheap,,
26160123-eb7a-4490-9325-97ec9de04dc1,IliveinMelbourne.free,available,44.98,,50,0,19,namecheap,,
267addae-a0ba-4212-a2e0-cf9915d6b8fe,sweatshop.free,available,44.98,,56,8,10,namecheap,,
267cc72d-9aa6-4cf6-9040-4c002542ac15,playarole.free,available,44.98,,68,1,11,namecheap,,
267e7cc7-705d-4daa-ab49-d96f27538740,notsomuch.free,available,44.98,,46,1,11,namecheap,,
26802e08-ff80-4d18-bbf5-f81e80806b5f,mealsonwheels.free,available,44.98,,80,5,15,namecheap,,
269a45ed-850b-4ef2-b7ef-1379da22d9f0,fundamentals.free,premium,125,,74,15,12,name.com,,
26d92c12-0128-48a2-a749-1878cde06ba2,getoveron.free,available,44.98,,72,1,11,namecheap,,
26db4594-a9f9-4341-b9fe-02120480c593,likeashot.free,available,44.98,,56,1,11,namecheap,,
26dda7b4-9b5c-4682-9e27-236676c6fd26,stitches.free,available,44.98,,46,10,8,namecheap,,
26e9dc60-30a6-43b3-85e2-d22e7e9d6828,believeme.free,available,44.98,,68,3,10,namecheap,,
26f434db-68b9-4506-ae9b-64ab1b9cab4c,takenotes.free,available,44.98,,74,5,10,namecheap,,
26f94ece-7636-4242-9fde-39511833b4fd,newsfeed.free,available,44.98,,54,8,9,namecheap,,
270d7f73-c6dc-4d84-a22d-3dbc4ba7614a,gonuts.free,available,44.98,,76,8,7,namecheap,,
27174812-c67f-403a-b575-f96775d4ee23,payments.free,premium,125,,58,33,8,name.com,,
2728114e-d9e4-4108-bc6a-19187b2c382b,chiefs.free,available,44.98,,50,10,6,namecheap,,
273c812c-3f63-485d-983d-0b0e7becfc51,studios.free,premium,125,,54,21,7,name.com,,
2746f251-860a-4a9a-8ca9-70878662cb7f,receives.free,premium,125,,52,3,8,name.com,,
27aa9575-52d3-4313-8f64-8ffae066f160,fillup.free,premium,125,,72,7,7,name.com,,
27b9a020-c8d8-4fa2-8e7a-af5e816bf5ff,organisational.free,available,44.98,,54,1,14,namecheap,,
27c237a4-8638-488e-be02-9620e917e7a3,SouthTyrol.free,available,44.98,,66,6,11,namecheap,,
27d138e8-e8bf-4363-a0c8-2dd91e6e48a7,haveityourownway.free,available,44.98,,50,1,20,namecheap,,
27dff64d-21d4-4d5f-9257-2dbdff4149a6,opinions.free,premium,125,,62,11,8,name.com,,
2807ba03-6b38-49ce-bcf0-274d54c40992,instride.free,available,44.98,,72,5,9,namecheap,,
2818204a-84bd-49a3-a5c3-c04ecc4e306b,getonwithit.free,available,44.98,,51,4,14,namecheap,,
28230c94-ef75-4ecc-8b26-afabb3148806,publicservice.free,available,44.98,,65,8,14,namecheap,,
284bb7e8-9048-4909-b980-d7c61ae1a90b,herbalmedicines.free,available,44.98,,52,2,16,namecheap,,
28646b5e-9062-45d2-901b-3c0d102af463,smashdown.free,available,44.98,,58,2,10,namecheap,,
28c3ba1c-0e79-4245-ba5c-fa644ae62871,tycoons.free,available,38.99,38.99,55,6,7,namesilo,,
28eb6697-0828-46f2-937b-79d03b089b42,watches.free,premium,625,,84,19,7,name.com,,
28fd59e0-b44f-4498-b5d1-019451acf107,prayed.free,available,44.98,,62,4,6,namecheap,,
2920f1d7-0e89-43a5-b019-852ec81c0c34,punched.free,available,38.99,38.99,50,3,7,namesilo,,
294b2ec6-eaba-4de5-a5c2-657cc874754d,sucked.free,available,44.98,,54,4,6,namecheap,,
294f191d-8eab-480e-8dda-1c9787e7e8a6,rubberbands.free,available,38.99,38.99,50,3,12,namesilo,,
2958f7ec-d59c-4875-832e-57e95e898dc2,modernschool.free,available,44.98,,48,2,13,namecheap,,
298954e7-01be-48b5-84f2-4c4384dce7e0,difficulties.free,premium,125,,70,3,12,name.com,,
29b5aedd-a38d-4b2c-843a-b7e224c40ad9,slipped.free,available,44.98,,70,3,7,namecheap,,
29d9278c-995d-4c56-82c8-e78203431f5d,divineinspiration.free,available,44.98,,56,1,18,namecheap,,
29daf506-bab1-4e96-933a-d8b1b1c6738d,proxyvoting.free,available,44.98,,62,2,12,namecheap,,
29e1d5be-4dcc-4531-a03e-4a457180e33b,settings.free,premium,125,,52,12,8,name.com,,
29f6d48a-cd1b-4f07-9e48-c0c95289a3df,pours.free,available,44.98,,46,5,5,namecheap,,
29fe1859-4459-479a-bdfe-064bf7fe5aeb,managed.free,premium,125,,58,20,7,name.com,,
2a1d3b6f-cff0-45d8-b12b-358546c8e69c,privateparts.free,available,44.98,,61,3,13,namecheap,,
2a274a67-2cff-412b-bf06-2760066d8b9e,enterthelists.free,available,44.98,,62,0,15,namecheap,,
2a548a94-78ba-456e-8e58-dc1ee9faf1af,Iswear.free,available,44.98,,58,2,7,namecheap,,
2a7d87a3-34c2-48f5-a813-b5dfef06e9c5,shots.free,premium,625,,56,13,5,name.com,,
2a9d09be-be70-4464-b437-4e3f89613e42,leavewellalone.free,available,44.98,,68,1,16,namecheap,,
2aaf6547-1c10-4618-bd4b-6088ec4e7a2b,inthedock.free,available,44.98,,50,1,11,namecheap,,
2af608bf-db1d-4417-a940-0cd793ae81ea,gonewiththewind.free,available,44.98,,40,4,18,namecheap,,
2af61a3e-cf44-4a69-bd86-06dc17e4f4fc,chickenfriedsteak.free,available,44.98,,72,1,19,namecheap,,
2b119d78-91eb-4153-9505-0f69cdb97279,eyeshadow.free,available,44.98,,74,3,10,namecheap,,
2b200e36-cc20-4bf2-b7d2-2cbfd67b69b1,behindbars.free,available,44.98,,60,6,11,namecheap,,
2b59291f-bccb-4a0f-9d80-7b2ad969f275,publichealth.free,available,44.98,,72,13,13,namecheap,,
2b689a38-92c5-482f-96d4-60da561f2211,movesouth.free,available,44.98,,49,1,10,namecheap,,
2b71eb69-c20f-4d19-93a1-b3863f8f5344,jetlag.free,available,44.98,,72,17,7,namecheap,,
2baa52e2-0e5e-4059-9dfb-06434995bcaf,insummation.free,available,38.99,38.99,50,1,12,namesilo,,
2bf34938-87a4-453f-94d6-dacaf3715752,finalfrontier.free,available,44.98,,76,7,14,namecheap,,
2bf66195-79d3-4eda-967c-c5d0069653be,remembrances.free,available,38.99,38.99,51,2,12,namesilo,,
2c076be3-a822-4a49-8ce7-056a4ab3cb4d,childmarriage.free,available,44.98,,48,2,14,namecheap,,
2c0d7964-f06f-47fd-8c37-d6f4464ede5a,godowninhistory.free,available,44.98,,68,1,18,namecheap,,
2c1f578d-b913-4fe2-a113-89c70bfe84c7,letthebuyerbeware.free,available,44.98,,67,0,20,namecheap,,
2c3aa1c4-ab14-4da8-952e-feb11691ce51,rewards.free,premium,625,,62,30,7,name.com,,
2c5af7f9-dcc2-4c06-bb30-e38db76ee1cf,mouths.free,available,44.98,,49,3,6,namecheap,,
2c7bc920-b8d8-40e9-b25c-410c74107d06,getoninyears.free,available,44.98,,44,0,15,namecheap,,
2c96bbf1-bef0-4834-9149-394f505346e0,reservation.free,premium,125,,65,19,11,name.com,,
2cac8df9-31ce-4032-834e-75e970c3db72,techniques.free,premium,116,116,50,5,10,namesilo,,
2cb22259-0588-4e8f-84b1-5754796db21d,calls.free,premium,625,,50,16,5,name.com,,
2cbec8cc-3e88-4d47-aa3f-1ce6e8851a32,strengths.free,premium,116,116,62,6,9,namesilo,,
2ce93816-490a-4fc7-86dd-bc165f559d26,holds.free,premium,625,,56,7,5,name.com,,
2d1337ec-4ee2-467b-a011-3d24af5f4379,Qtips.free,available,44.98,,60,4,6,namecheap,,
2d17c76f-9046-47d2-8b88-a1034f2cf5ec,thesame.free,available,44.98,,54,5,8,namecheap,,
2d987ae3-ef02-409f-87c4-007a59e1d163,CountyofYoung.free,available,44.98,,42,1,15,namecheap,,
2db83dad-ef76-452b-99b8-b9f62b8c938b,manualworker.free,available,44.98,,42,0,13,namecheap,,
2dc8c822-4918-4018-bd8e-51b167f16915,tended.free,available,38.99,38.99,50,7,6,namesilo,,
2dd88460-ce72-4d8c-804e-a17808ee47ce,outofoffice.free,available,44.98,,61,19,13,namecheap,,
2dffcf44-cf18-40d8-88fe-171d9d338a9f,beridof.free,available,44.98,,46,1,9,namecheap,,
2e291557-bd00-44b4-94d1-9097e38cc884,playin.free,available,44.98,,80,10,7,namecheap,,
2e378161-981a-46f5-a209-3668c5bd64d2,manyhandedness.free,available,44.98,,64,1,15,namecheap,,
2e5ad17f-542d-4432-a222-919ebaaad9ac,systems.free,premium,625,,46,27,7,name.com,,
2e5d82eb-b760-4002-b2d5-6bde49831103,remembering.free,available,44.98,,72,9,11,namecheap,,
2e64f306-132b-4331-80c6-7c2d46eeee25,puts.free,premium,1250,,58,7,4,name.com,,
2e74fcb4-7eee-4e1c-9855-1cb2c1c09f25,thewholeshop.free,available,44.98,,42,1,14,namecheap,,
2e86df35-bb28-4913-ad3c-134f30e38f9f,ships.free,premium,625,,54,15,5,name.com,,
2e925100-dcd4-4250-bb28-e624256014b3,Igirder.free,available,44.98,,58,1,8,namecheap,,
2eb55fd7-1af5-4b8b-8f7c-cb5ca429561a,makefirstbase.free,available,44.98,,42,1,15,namecheap,,
2ebd99aa-f9ad-4688-b65d-b7be70e020d4,DistrictofColumbia.free,available,44.98,,52,4,20,namecheap,,
2ec3e5a1-0b97-4411-ac3f-505b7a4e578c,Trex.free,available,44.98,,80,24,5,namecheap,,
2ef63466-5bc2-46d1-b1dd-cef783764573,bonappetit.free,available,44.98,,86,8,11,namecheap,,
2f1a33ba-9a7a-4659-827d-b87ca8353e8a,herbbutter.free,available,44.98,,80,1,11,namecheap,,
2f21e5af-5cdb-40f5-a1cb-cfe7cd652e76,smiled.free,available,44.98,,66,5,6,namecheap,,
2f2b566f-bea8-41ba-a35b-fd70e3871fc1,tongues.free,available,44.98,,51,6,7,namecheap,,
2f3a3a16-9b8f-48f4-be29-5ef6efd6fa8b,Lordhavemercy.free,available,44.98,,54,2,15,namecheap,,
2f428d0c-7894-4a29-8ac3-cec176389a36,flashdoor.free,available,44.98,,50,0,10,namecheap,,
2f433760-6083-4e1f-8a9c-3f92d5bbff88,therewego.free,available,44.98,,56,2,11,namecheap,,
2fba902f-2e33-4367-a565-db01eb812539,sterilization.free,available,44.98,,66,3,13,namecheap,,
2fd99734-e455-487a-b46e-a892a58c307d,couples.free,premium,1250,,52,14,7,name.com,,
2fe6ce49-d0e2-4f07-8b4b-8a2378f2ddfd,getonwith.free,available,44.98,,79,1,11,namecheap,,
30054133-7724-4225-9216-e848c79201b2,accountsreceivable.free,available,44.98,,62,5,19,namecheap,,
30141c42-edbb-4ba6-ba6b-8ea8eacba861,OrangeCounty.free,premium,140,140,66,11,13,namecheap,,
301b05c3-fada-43f8-9062-4332035979c0,chairs.free,premium,125,,54,11,6,name.com,,
301ef5a7-1ff1-4294-89c4-791a65a413a3,officials.free,premium,125,,49,8,9,name.com,,
30371e0c-0788-480e-a3ae-accd16d8840b,keepoutof.free,available,44.98,,68,0,11,namecheap,,
305704f6-3f98-4177-8604-c3235230233a,comeinfor.free,available,44.98,,76,0,11,namecheap,,
30882448-7d95-4fd5-81b8-b89ef46ac583,chiefofstaff.free,available,44.98,,60,9,14,namecheap,,
3090f946-b6c6-4c7b-a108-9462f8d4171a,cometo.free,available,44.98,,74,8,7,namecheap,,
3094a3ee-fcae-4ad8-86d6-a5f703050cd0,ofinterest.free,available,44.98,,50,3,11,namecheap,,
30befa2e-34ab-48d7-8265-13f57c53d64d,divinejudgment.free,available,44.98,,47,1,15,namecheap,,
3108f39f-d8db-4586-ab9d-99e54f39dc72,cocks.free,premium,1107,1107,56,10,5,namesilo,,
312302fe-848a-4927-8ce9-ab9b7783e347,letrip.free,available,44.98,,75,2,7,namecheap,,
3147e746-985e-469f-943e-f93b3809ca8a,underestimated.free,available,44.98,,42,6,14,namecheap,,
31687e7c-8155-46a7-a5a5-29ec5bc7df37,stages.free,premium,125,,57,12,6,name.com,,
318b25d6-5b01-4a15-88c1-37fb647f3251,tips.free,premium,1250,,80,26,4,name.com,,
3192ce1c-c220-428c-b616-0a95b77030d1,keepback.free,available,44.98,,70,2,9,namecheap,,
31bccb28-dd3c-43c9-babb-59ff241f3b16,YankeeDoodle.free,available,44.98,,63,2,13,namecheap,,
31d53485-d26a-41d3-b8a9-7134440b1926,icons.free,premium,625,,68,19,5,name.com,,
3246db8c-06c3-4f8f-b9c7-420f4464928f,swaps.free,available,38.99,38.99,50,10,5,namesilo,,
324c533c-86ac-4c79-a48c-f4d5695e0c86,aboutto.free,available,44.98,,56,2,8,namecheap,,
328a0970-7af6-490d-8795-b0ea35ab1d8d,CountyofRussell.free,available,44.98,,42,1,17,namecheap,,
3298da4f-3e5f-480e-bcf2-4b5c9fd0ce62,IslesofScilly.free,available,44.98,,52,1,15,namecheap,,
329d44ff-b7d9-4cfb-b80c-883b8a355747,makefor.free,available,44.98,,74,2,8,namecheap,,
32a23210-3c07-4dba-99de-8dbbfc8b82b5,keepfaith.free,available,44.98,,82,3,10,namecheap,,
32bd411f-c7de-47cc-8bb2-b0c7947721d8,takealeak.free,available,44.98,,63,1,11,namecheap,,
32f87a41-4b43-45bd-8bab-76068ed72ff5,cheeseontoast.free,available,44.98,,64,1,15,namecheap,,
330f336a-af93-409b-9c90-9e21082e50e5,lactose.free,premium,1250,,74,3,12,name.com,,
3310f716-186b-4764-b95e-cd2bb7440a6e,hammeraway.free,available,44.98,,66,0,11,namecheap,,
33172664-4274-4379-be60-cc2f62445385,drying.free,available,44.98,,68,6,6,namecheap,,
33340f2f-b94a-4b8c-a7a3-c9384fbd63bc,letsomeonehaveit.free,available,44.98,,67,1,19,namecheap,,
333d74c7-1d8e-4e4e-a002-40bdec18428e,neighbourhood.free,available,44.98,,70,14,13,namecheap,,
333f3802-a101-400e-9a05-632d3f19a6a3,DaffyDuck.free,available,44.98,,86,2,10,namecheap,,
33600c0e-c0ae-4f49-a16d-8a03f6c15fb8,FinalFour.free,available,44.98,,82,3,10,namecheap,,
339dd891-7b65-4e83-9095-f2ec5dfb9bf0,towels.free,premium,125,,68,9,6,name.com,,
33d22b83-f9ef-4ebe-9686-6432cfe8e391,dollars.free,premium,125,,64,12,7,name.com,,
33e5e7ab-8a95-4d26-acb4-8bace89328cd,insuchaway.free,available,38.99,38.99,44,1,13,namesilo,,
33eab8f5-1987-4c72-a105-39f582548edf,distinctivefeature.free,available,44.98,,54,0,19,namecheap,,
3430d5e9-2503-4d02-a8d2-6c609b6a2a58,disappointment.free,available,44.98,,50,4,14,namecheap,,
343b0135-8e37-42bc-b75d-a2cbaf687966,justthejob.free,available,44.98,,56,3,12,namecheap,,
347b993f-1e1d-44e2-a4e7-27647b3cd3ef,asusual.free,available,44.98,,58,3,8,namecheap,,
347d7843-a608-4859-8648-2d2793a6f9bd,carbonmonoxide.free,available,44.98,,54,4,15,namecheap,,
348bdd82-17de-43f3-8b8e-9450ecda90f2,vocalists.free,available,38.99,38.99,57,2,9,namesilo,,
34c451bc-19e7-4fb6-bb81-ef086766e4ab,adventures.free,premium,125,,64,18,10,name.com,,
34c59580-1b23-4d60-8dcd-b9e8d76721ec,poreover.free,available,44.98,,62,1,9,namecheap,,
34de2d14-3e05-43c7-9ae0-f8b9d4f7bd9a,musts.free,available,38.99,38.99,57,2,5,namesilo,,
34e9469a-71d4-44f3-a5ab-8a34f91156d0,flor.free,available,44.98,,74,14,4,namecheap,,
34ff409c-988b-481e-a76f-0bd70100601f,trucks.free,premium,125,,55,19,6,name.com,,
35049144-89fd-4600-8680-942d923e090f,backtofront.free,available,44.98,,46,3,13,namecheap,,
351d27f3-6605-46d3-853d-f0498fbe390e,overrated.free,available,44.98,,60,6,10,namecheap,,
356aa0af-8908-4626-975b-39aab7657ca0,charts.free,premium,116,116,64,18,6,namesilo,,
357a4432-2ecd-4fe3-9de2-10ebc27260a9,feeltheburn.free,available,44.98,,76,2,13,namecheap,,
35b49abf-f445-4e8a-9218-ccf97756ba17,getphysical.free,available,44.98,,80,1,12,namecheap,,
35d6bfa7-5abd-4f9f-a65a-aef3e0f35994,thumbs.free,premium,125,,56,7,6,name.com,,
36080f2c-2aaa-4b5a-9552-8bb84cb20ec6,makethefinalcut.free,available,44.98,,50,1,18,namecheap,,
360f679b-0254-4ae3-949a-563aa2494043,searched.free,premium,125,,60,7,8,name.com,,
361475a1-458b-45de-892a-8b20e64df529,gowalking.free,available,44.98,,50,2,10,namecheap,,
364cff20-3f1d-42c6-8a02-2ab1bb5667b7,stronger.free,premium,125,,67,19,8,name.com,,
365dce8e-b165-42e5-a737-6692b7cbb6d0,biases.free,available,38.99,38.99,42,3,6,namesilo,,
36724510-f362-42a1-bd04-8a26fa019c31,serves.free,premium,125,,54,7,6,name.com,,
36b42415-0bb0-47dd-9b8f-1eb8b43fefde,photocopying.free,available,38.99,38.99,68,2,12,namesilo,,
36cb7cf1-2e47-4e5d-b490-f4070f87093c,wannabet.free,available,44.98,,62,6,9,namecheap,,
36d3942f-bc68-487b-9a1a-500604c3e823,nights.free,premium,125,,74,12,6,name.com,,
36df4cda-e24f-426e-856d-36acf962ac23,hightech.free,available,44.98,,83,16,9,namecheap,,
3718fa3f-9795-4621-bac3-f878549a6ef3,getsomeair.free,available,44.98,,77,1,12,namecheap,,
37197ff3-75c3-465e-bea2-58b09bde1f0c,SikhEmpire.free,available,44.98,,64,1,11,namecheap,,
374e0cdb-8433-4393-a578-a59120b697cb,opens.free,premium,625,,60,11,5,name.com,,
37679a7c-0ea3-4092-bd43-cf9dd78a9016,comeoutwith.free,available,44.98,,68,1,13,namecheap,,
376b3cd4-afb4-4664-a6f9-be585db1a7f5,leaveover.free,available,44.98,,70,1,10,namecheap,,
37b1a6f5-ac35-4dd6-9a3e-8b6c44b45bb9,OttomanEmpire.free,available,44.98,,64,2,14,namecheap,,
37e9d30d-7ef3-46ae-b42f-b47da2639967,startin.free,available,44.98,,71,6,8,namecheap,,
37ea5128-f40b-4afb-a268-c0f6cffd3e86,Ineedaguide.free,available,44.98,,50,1,14,namecheap,,
37ffed5e-5d23-4dc8-845e-106fdac7bedf,thanksaheap.free,available,44.98,,54,0,13,namecheap,,
3805ecb8-40e0-4ee0-8329-606961780732,havemercy.free,available,44.98,,80,2,10,namecheap,,
38085c76-fc1d-4b49-926d-c0815b0edbc0,lactoseintolerance.free,available,44.98,,56,2,19,namecheap,,
38193c30-266a-4848-a2f1-b068924e4aa1,designers.free,premium,116,116,72,15,9,namesilo,,
384ed74e-5df7-4eba-9fd4-9ea4263bbea1,subsequently.free,premium,125,,58,1,12,name.com,,
3851b401-f51d-4efb-ba94-6c5176aff069,choices.free,premium,125,,60,12,7,name.com,,
38685693-291a-425c-9691-6c96e65eedb3,breeds.free,premium,116,116,60,4,6,namesilo,,
3869bf42-773f-457e-a2ac-66e4fc4add3e,porkbacon.free,available,44.98,,58,1,10,namecheap,,
38a38b15-e18f-425a-b021-033c8073e378,godownhill.free,available,44.98,,68,1,11,namecheap,,
38f4091d-30b8-4cfb-9e21-90bbea90050b,strangers.free,available,44.98,,46,9,9,namecheap,,
3902e975-f744-4f4a-80b8-0c41cd12b93d,havetheadvantage.free,available,44.98,,46,0,18,namecheap,,
3903932f-3c06-4ab5-b967-400ee6413637,inmyview.free,available,44.98,,48,2,10,namecheap,,
39228ea0-d09c-4506-ae11-c8f921aec260,dogsick.free,available,44.98,,90,1,7,namecheap,,
3924c8f3-27c8-4b42-a8cb-24f8eb77c4fc,getoffwith.free,available,44.98,,76,1,12,namecheap,,
3927473c-8772-414d-81bf-5b91c1b21621,lactosefree.free,available,44.98,,74,3,12,namecheap,,
392c087a-7714-4b44-b09c-c9c7ad917545,commonlog.free,available,44.98,,50,1,10,namecheap,,
398aba33-09fd-4d26-abdc-39e94d348e75,bloodpressurecuff.free,available,44.98,,48,1,19,namecheap,,
399821ab-a960-466a-8ea7-3945ff6383d2,Apples.free,available,44.98,,90,16,6,namecheap,,
39c6d500-b995-48c3-897d-234e62ea4fa2,Ihavecancer.free,available,44.98,,44,2,13,namecheap,,
39c6e757-0dce-4439-bf9f-4c5c1659bbdf,JollyRoger.free,available,44.98,,82,10,11,namecheap,,
39cfefc4-b1dd-467c-90be-a6dea7011d61,getontheendof.free,available,44.98,,64,0,17,namecheap,,
39d8feed-1f5b-4aac-a6b5-5b91347f457a,gobeyond.free,available,44.98,,76,18,9,namecheap,,
39f65260-8a92-4f59-a8ec-96d729124d73,roastpork.free,available,44.98,,76,1,10,namecheap,,
3a0035bc-a706-49ca-9c59-890a46e43e03,manysidedness.free,available,44.98,,64,1,14,namecheap,,
3a067799-1818-4e0e-a220-2648cbc59e96,deepinthought.free,available,44.98,,52,1,15,namecheap,,
3a406ead-af62-458c-8efc-6e8e22855fe2,filetypes.free,available,38.99,38.99,46,3,9,namesilo,,
3a57f958-a9d9-48c1-9615-4cef452481de,godeep.free,available,44.98,,74,7,7,namecheap,,
3a62696d-9912-47db-bf3c-192af6d70c37,scissored.free,available,38.99,38.99,64,1,9,namesilo,,
3aac805f-d1f8-4652-a118-bf416ccc9716,intandem.free,available,44.98,,72,7,9,namecheap,,
3ac4f271-1682-4b42-8692-8bffea6fbc0a,manycoloured.free,available,44.98,,60,1,13,namecheap,,
3acd22f2-c287-43b9-8a58-12bf0e4c0e0f,distinctions.free,available,38.99,38.99,62,3,12,namesilo,,
3adba75e-3b7b-41d5-ab2f-363c25bbe85b,moveup.free,available,44.98,,79,14,7,namecheap,,
3b38d025-1092-4334-a542-2e1e31ada99d,onestepahead.free,available,44.98,,58,4,14,namecheap,,
3b79f3af-76da-469b-8535-a09d1dfe2cff,Williamson.free,premium,140,140,60,13,10,namecheap,,
3b8159ef-9b8d-4815-aab8-6206de601786,multipurpose.free,available,44.98,,54,4,13,namecheap,,
3ba3ae84-6b24-4cbc-aba3-56d9dda7f4b8,electricalpolarity.free,available,44.98,,59,0,19,namecheap,,
3bffd728-f680-4bff-8ebe-b8e3208c08c7,getitoverwith.free,available,44.98,,50,1,16,namecheap,,
3c0162ee-f227-49b0-b7f7-46ab99bd77f6,expects.free,premium,116,116,50,3,7,namesilo,,
3c25031a-d558-41f6-afb0-744447c24dc0,coffeedout.free,available,44.98,,76,1,11,namecheap,,
3c27cf2d-40c7-4dde-8ee2-2639664d2d51,inthebalance.free,available,44.98,,44,1,14,namecheap,,
3c59223b-58f6-4844-9aa3-c1eb8b2a4741,grams.free,premium,625,,70,12,5,name.com,,
3c8b894a-40eb-44cf-a90b-99396ea8ca0a,takeoffice.free,available,44.98,,77,2,11,namecheap,,
3caeae4a-2bf3-46cf-9806-41b8a5abcf62,haveway.free,available,44.98,,74,1,8,namecheap,,
3cc39d64-0517-4fe8-9f8f-0b3663c1df6f,launched.free,premium,125,,65,13,8,name.com,,
3cc6901e-cf67-4834-9172-5ec43c29b5ca,registration.free,premium,125,,75,19,12,name.com,,
3d1604b6-7463-4c84-a4fa-dbe2bc990808,ifyouwill.free,available,44.98,,61,2,11,namecheap,,
3d18b3ad-95bc-43be-9b6c-f22f81537de8,childmurderer.free,available,44.98,,30,1,14,namecheap,,
3d63ca0b-ff55-4019-a655-0817c7d66b64,commonnouns.free,available,38.99,38.99,54,0,12,namesilo,,
3d89ab8b-ea3b-4ce9-943d-cb01991072fb,puzzles.free,premium,125,,52,16,7,name.com,,
3db1d54a-69d3-4e5f-8ece-cdec9f5f562e,rekt.free,available,44.98,,40,24,4,namecheap,,
3dc7a334-456b-40e0-88e7-27ebbd360024,hangover.free,available,44.98,,62,12,9,namecheap,,
3dea1532-d541-4bfe-95d1-ddf0daf4ea6d,buds.free,available,38.99,38.99,54,15,4,namesilo,,
3df32e00-821d-4a16-b476-c3e625354a50,shops.free,premium,1250,,64,24,5,name.com,,
3df72256-8cb1-47bf-ac68-eb33496166e0,asprovidedfor.free,available,44.98,,40,0,15,namecheap,,
3e125645-686a-43a5-9c46-92a65ab8e8d5,satellites.free,available,44.98,,59,8,10,namecheap,,
3e221b9c-d6ab-4f88-a08c-b0261e881512,ladiesandgentlemen.free,available,44.98,,70,3,20,namecheap,,
3e28b6b1-5436-41af-9ad0-14effeb67f21,introductory.free,premium,125,,74,2,12,name.com,,
3e388501-f4d9-4a90-bd46-324c1bfa1c27,filed.free,premium,625,,48,7,5,name.com,,
3e4ce3b6-5eac-4d77-a8d9-31d8e9a4f893,getwith.free,available,44.98,,74,4,8,namecheap,,
3e6f2e28-93fe-4734-86a0-78fe0ad2211c,goshknows.free,available,44.98,,46,1,10,namecheap,,
3e848c0e-d204-4b5a-b550-e6f508ff2052,getthehint.free,available,44.98,,74,1,12,namecheap,,
3e8a2357-7a6b-46b6-a86d-bf2f9698a4be,counterfeits.free,available,38.99,38.99,40,2,12,namesilo,,
3ea5e575-42bd-4d18-918e-a712ff92263c,publichousing.free,available,44.98,,64,3,14,namecheap,,
3eaebb3e-9212-4170-816e-122d5bb175d2,inprivate.free,available,44.98,,70,3,10,namecheap,,
3ed8147a-86c4-4e68-86f7-57242a864060,profitability.free,available,44.98,,76,8,13,namecheap,,
3eed273b-9a61-428a-8c9b-16282a16a728,referred.free,premium,125,,52,6,8,name.com,,
3efc9fc5-c201-43f0-852f-54eff539a710,Americans.free,premium,140,140,56,10,9,namecheap,,
3f072cf7-7535-4924-985f-8960527852d4,Jim.free,premium,3500,3500,78,28,3,namecheap,,
3f20feb7-f7dc-4073-b8ab-90b52744825e,getmedieval.free,available,44.98,,70,1,12,namecheap,,
3f4c119f-ea23-4c7a-8042-be88ef425623,explanation.free,premium,125,,68,7,11,name.com,,
3f6d9d63-afa9-41d9-848f-6a91290e642e,comeoutin.free,available,44.98,,70,1,11,namecheap,,
3f76d390-6cfb-4d84-a946-2703641c9553,leavetochance.free,available,44.98,,64,1,15,namecheap,,
3f95aa78-f5df-47cd-811b-2527014d5645,supposeto.free,available,44.98,,52,1,10,namecheap,,
3f9a478e-adba-48d0-a540-515455b76deb,exchanging.free,available,38.99,38.99,50,5,10,namesilo,,
3f9b2903-94e8-48ac-8dd3-c15c3cb12000,coffeeaulait.free,available,44.98,,72,1,14,namecheap,,
3fb319b1-b1ab-4a60-9353-691e53096fc9,thefactthat.free,available,44.98,,47,1,13,namecheap,,
3fc6caa0-bb15-4360-bf63-5fd671180e6d,setthestage.free,available,44.98,,66,3,13,namecheap,,
3fe1ee3b-59b2-45f7-b25c-e9c372a816ab,chickenliver.free,available,44.98,,64,1,13,namecheap,,
3fed7fb8-d75b-4a3d-a918-e93cf0ee890e,happiest.free,available,44.98,,64,10,8,namecheap,,
3fee6e00-a4c4-4dd3-ad13-d3ed2da68301,Ihaveaheadache.free,available,44.98,,50,1,17,namecheap,,
3ff66d7d-c950-42ac-9744-20446d8caaf5,goquietly.free,available,44.98,,66,1,10,namecheap,,
3ff849f0-e498-49ae-a31d-dfb7b4806fcb,fullfrontalnudity.free,available,44.98,,48,1,19,namecheap,,
400cc0af-b4a0-4f91-b959-b4a587251f18,engines.free,premium,116,116,58,11,7,namesilo,,
40283a20-f13d-4d96-9d40-a1a679463a21,alternatively.free,premium,125,,58,9,13,name.com,,
40489b7e-ed2c-4774-a90f-22f0a082c515,sexlife.free,available,44.98,,74,6,8,namecheap,,
40513327-bd7c-4345-9281-aeb54676440a,fittoaT.free,available,44.98,,64,1,10,namecheap,,
40a419e3-62ae-4718-b447-f0de232ee770,goballistic.free,available,44.98,,68,2,12,namecheap,,
40ae64da-ddd6-4045-93cf-9011f1b9acce,orderarms.free,available,44.98,,70,1,10,namecheap,,
40e0c4a4-9ce0-480d-a86d-a2d4597762da,advantages.free,premium,125,,64,5,10,name.com,,
40f80db8-0745-444a-8a67-aa47bcba119b,changeout.free,available,44.98,,50,1,10,namecheap,,
40fb215c-6b28-42ec-836e-6a0b0e04915c,strikeablow.free,available,44.98,,70,0,13,namecheap,,
41060321-e438-488f-b4cf-a5d5f8b97dff,persisted.free,available,44.98,,52,2,9,namecheap,,
4111ef2a-4a6f-46ee-8e4a-5a82e796013e,advantageground.free,available,44.98,,48,0,16,namecheap,,
412c1241-6574-4a97-96b8-8514a15e4961,bosses.free,available,44.98,,54,8,6,namecheap,,
412c347c-9a0f-4808-b594-b292ddaa32da,phases.free,premium,125,,54,10,6,name.com,,
412e321a-f089-4d70-8029-cba630e2fd9c,CountyofSussex.free,available,44.98,,44,2,16,namecheap,,
413455cc-f6ac-4ad0-b15e-fbe0e0e43d1c,references.free,premium,125,,58,9,10,name.com,,
41475517-9925-4723-91a3-b7743aae7e55,sheepdog.free,premium,125,,76,9,9,name.com,,
4184fe6a-eba4-47a2-bfe3-e8098c5037b5,mortgages.free,premium,116,116,50,16,9,namesilo,,
418a298f-b7fa-4ed6-a2c6-019485e987a0,gomissing.free,available,44.98,,70,1,10,namecheap,,
41a1f166-650c-45f9-9e66-7122d4f11fc7,steponit.free,available,44.98,,75,2,10,namecheap,,
41e9350c-4019-41ab-a030-36242dc17ebe,participants.free,premium,125,,58,7,12,name.com,,
42112cb4-febc-4ae1-aeac-36a26de89fda,sentences.free,premium,125,,60,5,9,name.com,,
421891b1-1df8-4250-92ba-77f19cf29f55,justthesame.free,available,44.98,,46,1,13,namecheap,,
422631f0-339c-405f-bfc1-9c8b72a52e59,continents.free,available,44.98,,50,5,10,namecheap,,
4247ede8-3fe7-40b6-b97f-2791c5845c78,instate.free,available,44.98,,66,4,8,namecheap,,
42581631-0a69-477f-96b2-6c6204f88de3,Ichooseviolence.free,available,44.98,,44,1,17,namecheap,,
427ba13f-76b4-4d5c-85c9-0fe1684aafac,exclaimed.free,available,44.98,,50,2,9,namecheap,,
42a60682-9136-4fe9-b5a0-17c116fa2ade,owns.free,premium,1250,,56,8,4,name.com,,
42a72ea1-7bc7-49cd-afd7-13d515e3005a,makefriendswith.free,available,38.99,38.99,58,1,17,namesilo,,
42acd69c-0a1c-4156-8ae1-2c8b88b6e39d,dothemath.free,available,44.98,,72,4,11,namecheap,,
42ad5ab3-8b67-40a6-babf-65af815acd38,abiders.free,available,44.98,,70,2,7,namecheap,,
42b9db14-1d36-4526-8be9-cfb641053f5b,rights.free,premium,125,,50,19,6,name.com,,
42f84859-d68e-461b-86bb-76bcac6dd553,blewit.free,available,44.98,,44,2,7,namecheap,,
4305491e-a7e1-49ec-9d97-4176e9250b1d,makenews.free,available,44.98,,80,1,9,namecheap,,
43089cf8-3709-4366-87cb-0514b39f5bdb,makethebestof.free,available,44.98,,72,1,16,namecheap,,
43147fd3-8a97-49a6-8fdc-23f0aec01190,fellowfeel.free,available,44.98,,72,1,10,namecheap,,
431f81a3-ccbb-401b-a61d-122f4f2a686e,astheycome.free,available,44.98,,56,1,12,namecheap,,
4344ea07-26d1-4efb-b8aa-03e6a922b65b,languages.free,premium,125,,62,12,9,name.com,,
43665a81-98c0-48cb-894f-6578fdd5bef2,exchanges.free,premium,125,,50,11,9,name.com,,
436942d0-b6fc-4b21-9675-341bf17c8303,piledup.free,available,38.99,38.99,52,1,8,namesilo,,
43a47060-fd0a-4217-a63c-53a2afd769cc,gobackto.free,available,44.98,,76,2,10,namecheap,,
43c15112-4844-459e-9d3d-019b35c8f4da,inhospital.free,available,44.98,,60,1,11,namecheap,,
43c1557c-4f38-4f1e-8a3a-bfd6ccce5a65,shortcuts.free,premium,125,,48,41,10,name.com,,
43c2c536-51bb-41bb-8e27-46596ea6a41b,senses.free,available,44.98,,63,13,6,namecheap,,
43e94fe8-6b2a-4369-8b51-0da31045e218,aquestionof.free,available,44.98,,52,1,13,namecheap,,
4419cac1-eacb-4ca1-a874-fa7c203782f5,flipped.free,available,44.98,,52,12,7,namecheap,,
4438d715-9bec-448e-851b-0ba2e4ba45a2,changethechannel.free,available,44.98,,62,1,18,namecheap,,
4449e694-e404-44e4-81bd-4ba7d27275cb,slowcookers.free,available,38.99,38.99,55,2,12,namesilo,,
444cf546-04cf-4e9b-aa9e-081b6d938be8,visitors.free,premium,125,,62,10,8,name.com,,
446c0c4a-8b2a-41b6-b650-aabcc9f76b65,LunarNewYear.free,available,44.98,,72,3,14,namecheap,,
44701f0f-414e-43f9-8e4b-5bc1c485cf84,PopeGregoryI.free,available,44.98,,28,1,14,namecheap,,
44705642-e203-4d22-8492-08163020a8af,sockyarn.free,available,44.98,,64,1,9,namecheap,,
44972a08-6911-4c88-bc89-0301196f5f8b,estates.free,premium,125,,50,16,7,name.com,,
44abd05f-dae5-4872-a270-7d83b3f3b690,prices.free,premium,125,,51,15,6,name.com,,
45117327-8b32-4285-81d0-0a546536da27,wellbuilt.free,available,44.98,,78,7,10,namecheap,,
4513ca52-eb9a-4d5a-a7f2-94a5e10d456c,sqm.free,premium,1250,,54,11,4,name.com,,
45193678-d8f9-4b0a-a9b5-1b57b53b6856,gonowhere.free,available,44.98,,62,2,10,namecheap,,
4521640b-faba-4da6-b308-2a59df663c0b,refusing.free,available,44.98,,40,3,8,namecheap,,
4540153a-ab33-49fc-9ac1-9cca3ac583cf,estateduty.free,available,44.98,,50,1,11,namecheap,,
454e4d76-934a-4e49-83e2-c50a1fcc2c18,costofgoodssold.free,available,44.98,,62,1,18,namecheap,,
454ed55c-3298-4cd8-b44b-144b2886b9f7,operacake.free,available,44.98,,80,1,10,namecheap,,
4552a36a-b9d2-4ea3-aa99-3225a0b59a54,ChildJesus.free,available,44.98,,56,2,11,namecheap,,
455f7319-6e8b-4bc5-b08f-fbcc9502982c,resists.free,available,44.98,,52,2,7,namecheap,,
4564e289-1364-44fb-a1f8-221d587e4e3b,beonto.free,available,44.98,,74,1,8,namecheap,,
456f054c-cbb5-4d22-9993-39608e14e07b,offerings.free,premium,125,,52,4,9,name.com,,
45824732-a149-472d-a282-bee704ecc1f7,results.free,premium,125,,59,22,7,name.com,,
45ca401d-2fc7-47b9-b7b0-ecf3b29eb5d2,eachway.free,available,44.98,,68,2,8,namecheap,,
45f84830-70f3-4bc2-aa6a-4c2a7f736ba5,letthemhaveit.free,available,44.98,,47,1,16,namecheap,,
4603acf0-bb7a-484e-9ef4-71fe6d0c2453,takedown.free,available,44.98,,74,11,9,namecheap,,
46224b07-76a0-48d4-922a-d3720266a8ff,datadomain.free,available,44.98,,52,4,11,namecheap,,
4627c4b8-f9a5-421d-88cf-11f5bdbf8e11,placeupon.free,available,44.98,,48,1,10,namecheap,,
46799245-ae0e-4853-8b13-7e32f5830d6f,eachtohisown.free,available,44.98,,46,0,15,namecheap,,
46810d0c-b8de-4c24-a507-6314f784de61,makefriends.free,available,44.98,,88,6,12,namecheap,,
46bf0689-4d97-48b8-9a25-02947a1428a3,uponthewhole.free,available,44.98,,46,1,14,namecheap,,
46d58f16-f33a-44ee-972e-a39c33e8e397,comerunning.free,available,44.98,,74,1,12,namecheap,,
46eef193-86a5-449a-9ee7-5313de35f007,poured.free,available,44.98,,56,4,6,namecheap,,
47428caf-ea71-4d00-8a54-b19d1277b883,getwellsoon.free,available,44.98,,58,5,13,namecheap,,
475d914d-ffcb-4dbc-b1fc-e7ed13fb45f1,flaxcotton.free,available,44.98,,56,0,11,namecheap,,
478ef100-1e51-46e0-b5f0-fc88b032a04b,gohome.free,available,44.98,,76,14,7,namecheap,,
47a77c73-3685-4658-a8c2-f791c4613ec9,gothrough.free,available,44.98,,70,2,10,namecheap,,
47b71ba5-4529-42b1-8d15-82213834e685,CountyofYork.free,available,44.98,,44,1,14,namecheap,,
47bc01b0-cedd-43e6-a07c-5689852c6e8c,howthedevil.free,available,44.98,,40,0,13,namecheap,,
47c45b84-4b68-4624-b2e5-bcd05d853c94,pileup.free,available,44.98,,65,3,7,namecheap,,
47e194f7-0c6f-4168-a203-05e3504eaf16,calculations.free,premium,125,,52,4,12,name.com,,
4805248d-ff8f-4c94-871a-130005dfed98,chaitea.free,available,44.98,,86,3,8,namecheap,,
481aadd5-e9d6-41d9-8300-139034b19996,getstuckinto.free,available,44.98,,64,0,14,namecheap,,
482f0c6b-3217-49f6-8354-5c7617e56940,organizing.free,premium,125,,76,12,10,name.com,,
4841f7f1-0f93-42db-b355-754c2fe068b1,bonvoyage.free,available,44.98,,88,16,10,namecheap,,
485035c9-8b24-48b2-821d-c8e96b962fb9,treatof.free,available,44.98,,72,1,8,namecheap,,
487a545f-73f8-44f5-bda1-f157f8276da9,stretchout.free,available,44.98,,70,2,11,namecheap,,
48aa5dda-2349-439c-b827-c4c3af9cb76d,alcoholics.free,available,38.99,38.99,38,4,10,namesilo,,
48e42a07-5d6d-4ea5-856b-78bc82fdd8f2,indetail.free,available,44.98,,49,4,9,namecheap,,
48f02a82-0015-46bb-8bf1-f810b12bb018,turns.free,premium,625,,62,7,5,name.com,,
4903c261-653a-4c12-9a2a-b1c083516042,inthemain.free,available,44.98,,50,1,11,namecheap,,
490fd79f-8b94-40f5-9f29-f388012c0ded,letoneoff.free,available,44.98,,77,1,11,namecheap,,
4949c719-9a03-4b7b-bc82-f20147ef09d4,texts.free,premium,625,,52,13,5,name.com,,
49a29581-47c6-4d5e-804d-2bdb37610cb0,templates.free,premium,125,,54,17,9,name.com,,
49bb82d7-9e5d-48a7-957c-0287814ff2fd,uploadability.free,available,44.98,,60,1,13,namecheap,,
49e11bd1-1705-4928-a040-e0cd15d3fd9b,farmers.free,premium,125,,54,59,7,name.com,,
49e87c9f-1a36-490d-ac60-b35a78535040,Ifeelyou.free,available,44.98,,58,4,10,namecheap,,
4a1f3f2f-8d14-4863-a2c4-ebaaff144649,deeppockets.free,available,44.98,,78,3,12,namecheap,,
4a2df200-9988-4d51-84cb-d97d898ed403,suggested.free,premium,125,,64,5,9,name.com,,
4a64b2b8-6986-482e-8429-4d385b97da1f,precautions.free,available,44.98,,48,2,11,namecheap,,
4a715b76-1978-4692-b1fd-9fbe74c25f6a,refused.free,premium,125,,50,4,7,name.com,,
4a8b75cc-e874-4867-bfd7-0cbb6c789a46,ballparkestimation.free,available,44.98,,60,0,20,namecheap,,
4ac5cb49-a12f-4665-a713-85230c5ea1a3,instep.free,premium,125,,72,7,7,name.com,,
4af3cf8c-01b1-48ad-84e6-11195592c6b1,postponement.free,available,44.98,,57,1,12,namecheap,,
4af52e25-78bb-4348-b2f0-31f11641da46,solarpower.free,available,44.98,,84,15,11,namecheap,,
4b0821fd-34d6-4d2c-9a65-781d0eae1dc9,Ilostmybackpack.free,available,44.98,,50,1,18,namecheap,,
4b0c8b49-3521-4101-bae2-4f9d49b0505b,whats.free,premium,625,,58,24,5,name.com,,
4b13a77d-3d95-43af-aeba-23066d618950,Allie.free,premium,140,140,72,21,5,namecheap,,
4b14ee30-9f25-4109-8f5e-b9b14e9c23d5,inwithashout.free,available,44.98,,60,1,15,namecheap,,
4b1d5b9a-0e54-4bb5-a9b1-c0209adc6d8a,assoonaspossible.free,available,44.98,,50,1,19,namecheap,,
4b3e9a23-afdf-415d-b85a-3fea92782db2,Alexis.free,premium,116,116,72,21,6,namesilo,,
4b4b8410-85fe-49a7-90a2-14b41bc37c2d,getroundto.free,available,44.98,,74,1,12,namecheap,,
4b5d400e-6939-4436-ac4b-49c34f8326cf,changeoftune.free,available,44.98,,64,0,14,namecheap,,
4b805bdf-5ae3-419d-b577-efcec9ca19cd,lunchmoney.free,available,44.98,,78,7,11,namecheap,,
4b8e40df-0eaf-4c6c-b824-5c24319f08a0,Imustgo.free,available,44.98,,58,1,9,namecheap,,
4b92dbbd-498e-4a67-9bb4-e83744e02782,onetrickpony.free,available,44.98,,56,6,14,namecheap,,
4b9d7b11-5964-4b18-b0c6-3389fbd27dcd,majorityparliament.free,available,44.98,,50,1,19,namecheap,,
4ba3bb3a-2279-424e-87ec-68127b6e54cb,keepclear.free,available,44.98,,58,2,10,namecheap,,
4ba6ac0e-7ef2-4189-9af4-0575d3c924e8,indanger.free,available,44.98,,60,1,9,namecheap,,
4bc73f3c-5fd9-4f64-b01b-435904952617,goonrecord.free,available,44.98,,70,1,12,namecheap,,
4bcb5d81-9312-49b6-bc98-6336494832f9,rollinginit.free,available,44.98,,46,1,13,namecheap,,
4cab2dd6-08b3-4315-85aa-4111480ff86f,havetherunof.free,available,44.98,,60,1,15,namecheap,,
4cb62527-3b6c-4ea6-936e-73d5d8bce34e,gonumbertwo.free,available,44.98,,40,1,13,namecheap,,
4cc05e02-1218-45b8-95db-07dffce9aa5a,surebet.free,available,44.98,,82,8,8,namecheap,,
4d04214d-f55f-4737-9ab2-85be7ae3798f,disks.free,premium,625,,50,6,5,name.com,,
4d0aadd1-dc91-4e4c-aeee-8b039b537dcc,goape.free,available,44.98,,76,5,6,namecheap,,
4d264c98-87c8-4d9f-963d-78b458a9d2a1,rests.free,available,44.98,,52,5,5,namecheap,,
4d4b421b-c4ee-4dd2-949e-a6ac5885d63d,states.free,premium,125,,70,16,6,name.com,,
4d8d4ab0-db22-4af2-a827-05af2fdb6561,filesize.free,available,44.98,,64,2,9,namecheap,,
4d941bd2-d77d-4f71-a701-4339d8c8a605,businesses.free,premium,125,,60,12,10,name.com,,
4d9a3c32-19a1-464b-a9d1-f528775e518b,gocrazy.free,available,44.98,,72,5,8,namecheap,,
4d9aaaaa-4079-43fc-92a3-2bb142cfe58b,manyandvarious.free,available,44.98,,46,2,16,namecheap,,
4db8461d-072f-4eea-9f6f-cd37a93c9411,Iwish.free,available,44.98,,58,12,6,namecheap,,
4dd82895-61b2-496d-a206-624cf39b1145,GeneralTaochicken.free,available,44.98,,70,1,19,namecheap,,
4e099e87-edb1-4ab8-95ff-5d2e4f1a97e5,meals.free,premium,625,,68,15,5,name.com,,
4e2eaa5b-7875-4c31-a751-f15075e17fc7,cars.free,premium,1250,,66,47,4,name.com,,
4e443367-e2f9-4d30-ba13-38fcae70c705,officeclerk.free,available,44.98,,49,1,12,namecheap,,
4e46cdcf-9b59-4ebe-9823-6f81ac1b318b,LongBeach.free,premium,140,140,62,11,10,namecheap,,
4e4f0b27-9f6e-4481-bacd-fbea663379ec,stepoff.free,available,44.98,,68,2,8,namecheap,,
4e6ef738-7271-45d4-be24-e192afd9b95a,jetairliner.free,available,44.98,,58,1,12,namecheap,,
4eabd2c8-cab2-40d8-88f7-3972965f98dc,keepupwith.free,available,44.98,,76,2,12,namecheap,,
4ec38733-d63f-4473-b8c0-c8c8814d5d6c,gofigure.free,available,44.98,,54,7,9,namecheap,,
4ee6b347-de84-4cd1-917e-aaa4ff3a86e6,Henri.free,available,44.98,,66,15,5,namecheap,,
4eef5083-6f82-48be-9664-cffc5c4f0b30,wandered.free,available,44.98,,56,4,8,namecheap,,
4ef38acb-d368-4e5f-93d4-57bdd57a200a,watched.free,premium,125,,74,7,7,name.com,,
4f397277-4fef-462b-bab2-1f8d71ca6f65,liberties.free,available,44.98,,56,6,9,namecheap,,
4f855cad-e7f4-493b-99d2-fd77d240b575,movefurniture.free,available,44.98,,68,1,14,namecheap,,
4fe9401f-18da-4ac4-af08-368fae9f4919,sighed.free,available,44.98,,56,2,6,namecheap,,
4ffac569-6b00-4058-9c87-b3fa1d892b2c,permitted.free,premium,140,140,64,5,9,namecheap,,
500ca290-b692-49ce-bdbf-6f77e6534ff2,happier.free,available,44.98,,62,16,7,namecheap,,
50112e7c-355b-4730-9595-b3a8ee596df5,noparking.free,available,44.98,,44,5,10,namecheap,,
50390e30-911f-44ec-a2bc-e6cd8ace730e,nitpicking.free,available,38.99,38.99,58,1,10,namesilo,,
506ff13d-0b71-4059-a6ae-04eeb6923ab4,comeonover.free,available,44.98,,78,2,12,namecheap,,
5074f40b-44e9-4ef7-9b85-c25464a35748,demonstrations.free,available,38.99,38.99,48,4,14,namesilo,,
5086f455-1f6b-4569-a9ce-d9b31bf626c8,segregation.free,available,44.98,,62,2,11,namecheap,,
50ae3f5b-9526-4bb2-9d54-e49a1ef6a9fb,returns.free,premium,125,,72,16,7,name.com,,
50bcbef7-7f75-49c9-859d-f9ca09a5fdab,landscaping.free,premium,125,,80,16,11,name.com,,
50c39cdf-5b68-4720-ba88-216dd4ddaf80,royalties.free,available,44.98,,56,9,9,namecheap,,
50d13afa-b831-4bb9-82e1-e0d23a0e64c3,inhouse.free,available,44.98,,70,23,8,namecheap,,
50d895bf-7ae8-4ddb-8833-7aa284cb9f60,economyclass.free,available,44.98,,66,3,13,namecheap,,
5105c485-e278-491c-a130-3fbb02a43edd,standardscore.free,available,38.99,38.99,42,1,14,namesilo,,
5129c28e-03b5-45ed-bc48-a033e6725349,presents.free,premium,125,,80,9,8,name.com,,
515c0b6d-033c-4e05-8978-6f7a24e6d9a7,terracotta.free,available,44.98,,72,12,11,namecheap,,
516080ee-ac42-4419-b5f5-4c7e290de4ea,platearmour.free,available,59.99,,65,1,12,name.com,,
51aea182-4754-48a9-9cae-076a6f20dbc8,getjiggy.free,available,44.98,,80,2,9,namecheap,,
51b32e37-133b-419f-a2eb-63d25acd0ca4,users.free,premium,625,,54,18,5,name.com,,
51ba51b2-df85-481e-a77b-0d0c499209d1,designs.free,premium,125,,72,21,7,name.com,,
51bedd5c-2d4d-4852-8418-ae90dfefd40e,newsstand.free,premium,1250,,52,5,10,name.com,,
51d56f9a-ad65-4b16-9db4-6ad8f091be5b,decideupon.free,available,44.98,,76,0,11,namecheap,,
51e9ab66-1690-4e4b-ad36-18ec64b004fa,snowballs.free,available,38.99,38.99,59,7,9,namesilo,,
51f03d9a-d1bc-4102-b89a-fa081d311997,cuttothechase.free,available,44.98,,68,4,16,namecheap,,
51fa2e0f-123d-4d79-bc45-a72bcfc3c53b,ibanking.free,available,38.99,38.99,76,7,9,namesilo,,
5212c955-0997-4301-82df-6f4a77e0f035,keepthechange.free,available,44.98,,46,59,15,namecheap,,
5221abf2-5b64-4c83-8dce-1dfbc03c055c,letlie.free,available,44.98,,72,1,7,namecheap,,
523ef9f3-1d4c-4d22-bfc7-7f203ed6e411,hangbyathread.free,available,44.98,,56,1,16,namecheap,,
524c51a8-511d-46e7-86a8-584d0a65c120,diseases.free,premium,125,,40,5,8,name.com,,
525e27eb-f936-4b9f-be32-85b44426d184,dogwalking.free,available,44.98,,94,8,10,namecheap,,
52602f06-2cbf-40ca-bef6-0d7fcf417824,coffeeberry.free,available,44.98,,80,4,12,namecheap,,
52632935-070b-4ca6-95c2-468203a1ecc0,alcoholfree.free,available,44.98,,70,6,12,namecheap,,
52ab03fe-bcfa-4fd1-909c-3a17bdd8c68d,grandchildren.free,available,44.98,,60,3,13,namecheap,,
52bbb5ca-5f3c-4c7e-97b9-ef503d70194b,sophistication.free,available,44.98,,70,3,14,namecheap,,
52ef195f-88ce-468d-8de6-ca09842c9f37,slideshow.free,premium,125,,72,8,10,name.com,,
52fbbdc3-0718-4e58-b0d0-ed57e151afe4,alotof.free,available,44.98,,60,5,8,namecheap,,
53055675-d0ac-43c2-acf5-a212c513aa86,havetheupperhand.free,available,44.98,,46,1,19,namecheap,,
531abea6-aedc-41d6-824a-b985eeec5e7a,goit.free,available,44.98,,76,7,5,namecheap,,
531cbc4e-b795-4224-a6e7-fb0c03747375,CountyofKings.free,available,44.98,,54,2,15,namecheap,,
533f4ba6-9f2b-4c75-be7d-63d8d99f3a91,datafeed.free,available,44.98,,70,7,9,namecheap,,
535bd760-7cd0-4260-a84e-96269142a0c5,makethegrade.free,available,44.98,,70,3,14,namecheap,,
53879c5a-fc65-4a69-9faf-71ebbc60420d,keepthefaith.free,available,44.98,,70,4,14,namecheap,,
53a84741-161e-47ab-925c-4467a5d34426,turnedon.free,available,44.98,,52,3,9,namecheap,,
53e3581d-1655-4161-a6cd-3399e4d889af,noses.free,available,38.99,38.99,48,3,5,namesilo,,
53ecca56-8501-4ce7-ae39-0a9961814400,pardonme.free,available,44.98,,62,4,9,namecheap,,
541fa467-bf94-47f6-9882-1b42ce0b5bbc,rumorhasit.free,available,44.98,,47,2,12,namecheap,,
54393f0f-3813-46ae-9166-ce1315a82003,makeoneselfathome.free,available,44.98,,72,1,20,namecheap,,
544a5edc-ffd4-46c3-9cbb-4fae504d9ea1,letitalone.free,available,44.98,,80,1,12,namecheap,,
545c7209-2afb-45c9-a6ef-dd09f7b21905,getlate.free,available,44.98,,72,1,8,namecheap,,
545c7688-d202-4979-a273-75c5d2032c16,reflections.free,premium,125,,53,16,11,name.com,,
5464fad6-8d4f-442a-857b-65d69f3aa50b,goawry.free,available,44.98,,66,0,7,namecheap,,
5468257a-9cd1-4a7e-9878-ac623c17f13a,sidewindow.free,available,44.98,,44,1,11,namecheap,,
5474d4b0-8675-477d-9e32-88f9dc5cf92a,fruits.free,premium,125,,74,17,6,name.com,,
54a87278-6a74-4b4c-9637-37dd0292c358,saloons.free,available,38.99,38.99,49,4,7,namesilo,,
54aa8f41-7026-41e0-b770-f586115f9eac,amplifying.free,available,44.98,,56,3,10,namecheap,,
54b7c1d6-695a-4874-9a8d-121b3f8bdccc,attends.free,available,44.98,,54,6,7,namecheap,,
54bcc1c6-0ba3-4cc8-af54-75c5cea32e1b,shalt.free,available,44.98,,56,1,5,namecheap,,
54c8089f-3166-4e11-a38a-5e2d91a27d6f,Ihavediabetes.free,available,44.98,,50,2,15,namecheap,,
54ce619b-051c-4ffb-be27-9191353be53d,makehappen.free,available,44.98,,80,3,11,namecheap,,
54d34ee1-3fb1-425b-b19b-840409b65c4b,prayers.free,premium,125,,62,11,7,name.com,,
54d8c4ff-2bb6-4580-88b2-3a893b58a5a4,spectra.free,available,44.98,,62,34,7,namecheap,,
54e8bc4b-2c41-47d6-917d-02ab1ad22934,replied.free,premium,125,,58,4,7,name.com,,
54fe7213-1728-49b5-9eb9-13ebe6eb5727,getonboard.free,available,44.98,,64,11,12,namecheap,,
5502b072-36bc-4f67-b211-f082c9f37585,tickets.free,premium,625,,64,34,7,name.com,,
550fc29a-ffe4-411c-a13d-bb5525d5aefe,whynot.free,available,44.98,,74,39,7,namecheap,,
55146b24-f503-4d84-8245-09af1a97db11,gomad.free,available,38.99,38.99,70,5,6,namesilo,,
55308f97-2ec2-4684-9dfc-dc27a1e5cb37,recruited.free,available,44.98,,58,5,9,namecheap,,
555496da-c3a2-4d17-9fc2-4b28d173d84b,proxybullying.free,available,44.98,,28,1,14,namecheap,,
5597c6d3-2648-4d0f-a915-6d6c656f6054,pierogi.free,available,44.98,,82,7,7,namecheap,,
55da6d4d-6426-41fb-bc4f-1316c4067188,makebelieve.free,available,44.98,,76,9,12,namecheap,,
55e74196-706e-4364-99a4-5a0d7e1b0af9,scoopout.free,available,44.98,,48,1,9,namecheap,,
55f44777-b440-4489-b471-fb0e2962fdac,getmoving.free,available,44.98,,84,7,10,namecheap,,
5618b159-f1da-4450-8aad-387d998f815e,stackup.free,available,44.98,,64,11,8,namecheap,,
568d66f9-ad7a-4ef3-a66b-c7ac4dc1dc05,singleout.free,available,44.98,,72,1,10,namecheap,,
56a69d09-f74e-4b15-8114-96a7f03bbeb3,units.free,premium,625,,56,16,5,name.com,,
56c60d57-d556-4993-ac0a-dfc5e9c659ca,secondarycare.free,available,44.98,,69,1,14,namecheap,,
56da0003-0d53-4dde-9d3d-4aa56a6a7d05,wins.free,premium,1250,,68,21,4,name.com,,
56dcd78a-5e8d-4a5d-8fd8-fd712d589977,IsleofPortland.free,available,44.98,,52,2,16,namecheap,,
56e98172-9431-4970-9a6c-bf186d52ec59,synthesized.free,available,44.98,,57,3,11,namecheap,,
571c8fd9-d5d1-4926-9ae2-555cdd3e7d1e,Ilostmybag.free,available,44.98,,50,1,13,namecheap,,
571ce71b-32d1-47ea-ba66-0c48b0f6c4e9,inthemoment.free,available,44.98,,48,7,13,namecheap,,
5726a1c4-ef1b-40b3-aec3-e0ce22971789,hides.free,available,38.99,38.99,50,5,5,namesilo,,
5751a491-b9fd-419f-a87c-a4300e689d65,breads.free,available,44.98,,58,5,6,namecheap,,
575afe2c-3554-4dec-9b8a-1ee01da0adca,leaveoffice.free,available,44.98,,58,0,12,namecheap,,
575ee244-5ddf-4024-8e91-c2fc7908f156,coffeepotful.free,available,44.98,,72,1,13,namecheap,,
576784d3-e836-4296-a464-1b1f414883ac,thickskinned.free,available,44.98,,52,1,13,namecheap,,
578555c4-2546-48ee-8555-a63db0313f26,besupposedto.free,available,44.98,,60,1,14,namecheap,,
578b9dda-9ab8-4a9e-b531-05bbd837fe01,cometopass.free,available,44.98,,74,1,12,namecheap,,
579a3b83-dc46-4d85-a4cb-86bf07960c5d,appraised.free,available,38.99,38.99,50,4,9,namesilo,,
579bea52-11ec-463e-ae27-5982cec94bd5,oars.free,available,44.98,,56,6,4,namecheap,,
57a4796d-ab19-4178-9187-97a1c1c895ec,comeoutontop.free,available,44.98,,68,0,15,namecheap,,
57af6e40-e610-4645-9cae-2847dc1a6fd3,continentalshelf.free,available,44.98,,60,3,17,namecheap,,
57b2bf2a-e1b7-4ed7-9ebd-e3c6fb04da38,overanxious.free,available,44.98,,64,1,12,namecheap,,
57bfde1f-c614-4467-84a2-8d6827ccdc49,generallyspeaking.free,available,44.98,,58,2,18,namecheap,,
57d4c1e5-0369-44a9-b356-6630b385f1aa,abided.free,available,44.98,,70,1,6,namecheap,,
57df9c97-8e84-4712-a3c6-dd03db4739ad,desires.free,available,44.98,,72,9,7,namecheap,,
57e82a9e-39e5-4a6c-b715-b71e4504235a,feelupto.free,available,44.98,,50,1,10,namecheap,,
57f1c691-abc2-40b9-b408-caca6c54f7f0,goonvacation.free,available,44.98,,48,1,14,namecheap,,
585ab4ea-9283-4f39-b96f-5098ece93537,motorsports.free,premium,125,,74,13,11,name.com,,
58604680-03ba-482b-bf00-78ac8f878954,divorcing.free,available,44.98,,46,6,9,namecheap,,
58656bef-56d2-48f7-acef-b815b5279c86,engineers.free,premium,125,,60,19,9,name.com,,
586c6f0a-6ad0-4dd5-ba9a-8047a3e3baf3,solarenergy.free,available,44.98,,88,16,12,namecheap,,
58772da9-144a-4a9a-b697-45f04921c970,chem.free,premium,1250,,74,24,4,name.com,,
58840177-44ab-4790-a248-1b523583ee26,snowstorms.free,available,38.99,38.99,50,2,10,namesilo,,
589abb06-54b7-4888-a2e1-e0dd67c81abb,havethefloor.free,available,44.98,,64,1,14,namecheap,,
58d7466a-a9d6-481f-893f-e778123a3b4d,expectedreturn.free,available,44.98,,48,2,15,namecheap,,
58e68c11-c87b-4a81-a4b4-f7717e28b44a,letterofdismissal.free,available,44.98,,44,1,19,namecheap,,
58fba417-47a1-45fb-bf0c-9880d1072c84,stretches.free,available,44.98,,50,2,9,namecheap,,
5928113e-11c4-402a-813b-78aff46d3cd3,communities.free,premium,125,,68,19,11,name.com,,
593df591-d415-4585-84f8-8e8edda3beac,onthemove.free,available,44.98,,72,10,11,namecheap,,
596eb3c8-3ea9-4950-a4cc-8d4ddbae03d6,inunison.free,available,44.98,,72,4,9,namecheap,,
597ae51f-8a92-4e13-857e-c00b2b5c42ce,fittogether.free,available,44.98,,80,4,12,namecheap,,
597b057b-674a-4b5d-8441-0c6b8d6d8971,comewith.free,available,44.98,,72,3,9,namecheap,,
59808f3f-6cb4-41bb-942a-5d347e043b0a,quitting.free,available,44.98,,54,4,8,namecheap,,
5988d53b-493e-4be3-85ae-95cf11f1a827,mathematics.free,premium,125,,68,19,11,name.com,,
5994211c-10db-4e1a-90ec-46e6adb0c9b8,baseplate.free,available,44.98,,66,7,10,namecheap,,
59d95b9c-f650-45ee-a849-d33c7058ed61,grandparents.free,available,44.98,,68,5,12,namecheap,,
59db25bb-1217-465f-ac0d-1d659792a9f7,titles.free,premium,125,,56,9,6,name.com,,
59e0376d-a339-4eab-a334-c3f0bf61ce00,letoffsteam.free,available,44.98,,76,1,13,namecheap,,
59e183b2-b702-4d14-bc8e-cbfc8a599355,littlepeople.free,available,44.98,,70,4,13,namecheap,,
5a09d5e9-8141-41ad-b70a-6d9a57fd8785,actors.free,premium,125,,60,14,6,name.com,,
5a20d4e9-ed42-4238-8824-25911afa8ea6,travelers.free,premium,116,116,58,61,9,namesilo,,
5a29ca05-1516-4dfc-8d1f-ba55e01f48db,noodlebar.free,available,44.98,,62,2,10,namecheap,,
5a499eaf-e6bf-47da-b52c-869e78c419ef,spas.free,premium,1250,,56,10,4,name.com,,
5a64b472-7ce3-4c20-9000-597f45d55f94,cometoterms.free,available,44.98,,66,1,13,namecheap,,
5a6a3295-a065-4b51-9d50-3f2b040b9289,newest.free,premium,125,,64,12,6,name.com,,
5a78cc4b-67d8-49dd-9453-18c378bb970a,havenoneofit.free,available,44.98,,56,1,15,namecheap,,
5a829d78-3ef4-4e50-8280-47abb89be4d3,grandefinale.free,available,44.98,,70,2,13,namecheap,,
5a85b372-6fbc-469f-86e1-f997fc3d1389,coffeeandcake.free,available,44.98,,72,2,15,namecheap,,
5a8f8aa9-3ccb-4675-88e6-6b91c9213b6e,inspiteofoneself.free,available,44.98,,48,1,19,namecheap,,
5a944b1f-a4ab-486c-8088-52ea4d6dcd92,gothewholehog.free,available,44.98,,62,1,16,namecheap,,
5a9801be-7c79-4874-b07a-41a87eb0f13a,golong.free,available,44.98,,74,6,7,namecheap,,
5a9e050c-2a89-4777-a7a3-05e91abeec71,coffeewoman.free,available,44.98,,80,2,11,namecheap,,
5ac920d7-be19-45cc-8403-eaeb9cefdfa1,fellowmelad.free,available,44.98,,62,1,13,namecheap,,
5add4c69-5df9-47ba-aecf-4e2ca2ec4302,getwise.free,available,44.98,,77,6,8,namecheap,,
5af22fc9-6fb1-4ee6-a626-43e6aa322bb2,explains.free,premium,116,116,50,4,8,namesilo,,
5affe553-c531-4bc6-8994-5c8853fb5502,gotobed.free,available,44.98,,72,3,9,namecheap,,
5b1f1a53-0158-4e07-afae-5d5a0ac406eb,dogsit.free,available,44.98,,96,2,6,namecheap,,
5b1f810a-8e9f-4339-b03f-b43c267e3dee,coffeebush.free,available,44.98,,80,1,11,namecheap,,
5b30d0c5-37ef-4799-a1d3-ad5f0bc990fe,letthedevilout.free,available,44.98,,62,1,17,namecheap,,
5b34f928-c774-4588-b49e-6cb59fcb2a71,takeajoke.free,available,44.98,,76,1,11,namecheap,,
5b3da20d-e83a-42e3-91f2-5f689e143b00,passed.free,premium,125,,62,6,6,name.com,,
5b3f639c-d284-40a8-af1d-baa3fd92d2dc,neckrest.free,available,44.98,,56,1,9,namecheap,,
5b5465b3-2c69-414a-91ed-03aa30c11f18,getthejobdone.free,available,44.98,,74,2,16,namecheap,,
5b77ef70-b26c-45e6-9aa3-d77367cf35c0,switches.free,premium,125,,58,7,8,name.com,,
5badaf9b-e3aa-4294-b009-281ac350c817,neuroscience.free,available,44.98,,80,37,12,namecheap,,
5bb10a9b-a7ba-48a4-b2d6-eee20ac47097,coffeeculture.free,available,44.98,,72,4,14,namecheap,,
5bc5cf8d-9982-42cc-8403-630c49f8c768,getofflightly.free,available,44.98,,70,1,15,namecheap,,
5c226540-18c4-48b9-9090-3244d89a0257,backtoback.free,available,44.98,,72,5,12,namecheap,,
5c75da10-db36-4223-92c1-0cda52c5e55c,barwood.free,available,44.98,,52,3,8,namecheap,,
5cf0a183-0813-4ff2-b468-98e826f2d3ab,rollover.free,available,44.98,,75,8,9,namecheap,,
5cf9a3b5-a403-4c75-98ea-3b4acf0decec,asperyourrequest.free,available,44.98,,48,1,19,namecheap,,
5d1ca08b-4cc7-462a-8e27-caa4bfd1635a,comeunder.free,available,44.98,,70,1,10,namecheap,,
5d28f7cd-16eb-465d-ac09-0a38e98b04c8,primarycare.free,available,44.98,,81,11,12,namecheap,,
5d75f648-0f7c-4a1e-b70e-1e2626eb4022,redial.free,available,44.98,,71,6,6,namecheap,,
5dbf11e0-931d-48da-a991-55345ad4d404,goberserk.free,available,44.98,,68,1,10,namecheap,,
5dd050ba-715a-4493-847b-1c3711e1148a,havenousefor.free,available,44.98,,56,0,15,namecheap,,
5defe13c-bda8-4d4c-b418-3c0d260b2d25,keepwith.free,available,44.98,,48,2,9,namecheap,,
5e17eec1-05d2-4711-a559-476796f15233,lives.free,premium,625,,64,15,5,name.com,,
5e2542d3-9ba7-4407-b8ec-bfd6850ccb06,professions.free,available,38.99,38.99,50,6,11,namesilo,,
5e3a3b56-a4fe-4fb6-b15b-842f086d0347,leavemealone.free,available,44.98,,42,7,14,namecheap,,
5e46a3df-1f16-47db-becf-2f46daa3c709,muttered.free,available,44.98,,56,1,8,namecheap,,
5e6f1dd6-f1af-4b95-b0b9-d265ec3d2fed,TyphoidMary.free,available,44.98,,59,1,12,namecheap,,
5e75b66f-b00f-4520-8f52-61a768ad3430,aliens.free,premium,116,116,56,35,6,namesilo,,
5e84195f-03f1-4888-88b6-2140ba05c687,flashmemory.free,available,44.98,,76,2,12,namecheap,,
5ea74876-022a-4993-ad39-872fdc9796c7,letoff.free,available,44.98,,77,1,7,namecheap,,
5ead6d2c-4170-4e91-94bd-9b5b6b824187,highspirits.free,available,44.98,,76,8,12,namecheap,,
5ec418e2-a17c-49c4-b2da-1b0ee0453b96,faces.free,premium,625,,60,21,5,name.com,,
5ec4e492-25b5-45e5-bc11-b05af17e02c6,workers.free,premium,125,,60,20,7,name.com,,
5ec8d219-3c34-4726-a300-96e734443660,werewolves.free,premium,116,116,44,7,10,namesilo,,
5ecb6284-5207-438f-b5ec-3c9eca38f79f,Christians.free,premium,140,140,62,15,10,namecheap,,
5f1a8eaf-bc12-48d9-8521-e0f27406153c,suits.free,premium,625,,61,13,5,name.com,,
5f59eb30-7e5f-48a1-b946-83d34b7551fc,boilingpoint.free,available,44.98,,60,3,13,namecheap,,
5f69cd9e-40bf-457d-ab32-40277c0ed596,voted.free,premium,625,,54,6,5,name.com,,
5f838f4d-d8c1-4b8b-b7c9-cd285606e7a3,inchargeof.free,available,44.98,,49,1,12,namecheap,,
5ff0f94c-9d69-4074-8d97-a0ddb670e01f,plateglass.free,available,44.98,,60,1,11,namecheap,,
5ffadc55-44e1-4072-99ad-2b3055265714,trials.free,premium,6250,,48,12,6,name.com,,
601193ee-f796-43d4-b0a0-5d0a82a25911,orders.free,premium,125,,60,19,6,name.com,,
601dcedf-e946-4a61-8daf-e1e6ca87dc8a,nowonder.free,available,44.98,,78,3,9,namecheap,,
6055f7fe-cda9-47c9-b54e-4863efb4c948,gettothebottomof.free,available,44.98,,66,1,20,namecheap,,
605fe638-b013-4bc6-a58c-fc03cc816198,attendto.free,available,44.98,,70,1,9,namecheap,,
607a6f73-f218-4d4f-affe-160bf8db3911,recycled.free,available,44.98,,79,10,8,namecheap,,
607dad65-8687-4485-9b25-855343390429,specialed.free,available,44.98,,76,6,10,namecheap,,
608d4025-d22b-43e8-9ab0-a66b574a1442,backtalk.free,available,44.98,,68,5,9,namecheap,,
6090dc86-6b1f-4dbb-907a-dd610165ec5f,sparklingwine.free,available,44.98,,69,4,14,namecheap,,
60b12bd5-054c-4165-821f-225b091c27a0,MerryXmas.free,available,44.98,,70,4,10,namecheap,,
60b236af-cb6b-4d8b-9ddd-48043623f7a0,letoffthehook.free,available,44.98,,53,0,16,namecheap,,
60f03c58-068b-4d89-a39b-5019cf59fe7a,divinegrace.free,available,44.98,,68,3,12,namecheap,,
60f26b2e-17a6-4ee0-a3c0-b54b33193c1e,sqmi.free,available,44.98,,54,2,5,namecheap,,
61172544-625c-46bb-952e-bc99f0f229c5,quizzes.free,premium,125,,54,8,7,name.com,,
612970c5-b7d2-47b6-97b4-f07705cbcb11,scootover.free,available,44.98,,66,2,10,namecheap,,
61468179-d5e8-4c16-85e2-18d66bd1369f,mostoften.free,available,44.98,,56,0,10,namecheap,,
61506bc9-12d1-4e9d-9349-86dfa09f8282,favors.free,premium,125,,76,8,6,name.com,,
615388af-d402-44e2-8a3b-92be1aa86848,gods.free,premium,1250,,72,27,4,name.com,,
6170d345-78b6-416c-829c-a9d788d8ce58,fasttank.free,available,44.98,,50,0,9,namecheap,,
617ed2c0-b5f1-4742-8795-da343c40a1ca,equalization.free,available,44.98,,74,1,12,namecheap,,
6188dfd6-e24f-41a3-a880-e41885d93744,mouldbreaking.free,available,44.98,,64,1,14,namecheap,,
61c698b3-68ac-4745-8b61-6b23a5693787,posters.free,premium,125,,60,13,7,name.com,,
62129181-476a-4ca6-a405-a23270f2aaa8,bebothered.free,available,44.98,,63,1,11,namecheap,,
621f1e98-0727-47a4-85c4-8776046654a8,beans.free,premium,625,,74,20,5,name.com,,
622ac0f1-17a0-4d99-ace5-6491e510e400,rakeup.free,available,44.98,,66,2,7,namecheap,,
6253127b-728c-400b-a3bd-6ead8cee8303,makeupremover.free,available,44.98,,70,2,14,namecheap,,
625e9881-c227-4868-bad1-87dafb5635b4,CountyofWilkin.free,available,38.99,38.99,42,1,16,namesilo,,
6266a58c-9d53-4d6a-9c56-9a95ef95b46d,takehuff.free,available,38.99,38.99,64,1,9,namesilo,,
62727266-9e43-4b61-b11f-68ae3e0fbd9f,flashflooding.free,available,44.98,,52,0,14,namecheap,,
627ebe94-4c55-46e6-8444-1baf0476c706,goitalone.free,available,44.98,,74,1,11,namecheap,,
6282e89a-d983-4a24-9840-fc66580021dd,zoomed.free,available,44.98,,60,5,6,namecheap,,
628d226d-4374-4480-87a9-15093ef9948c,transmitted.free,premium,125,,64,1,11,name.com,,
62905946-2df1-44b0-89a2-3a89c1a0a4bd,CountyofWyandot.free,available,38.99,38.99,42,0,17,namesilo,,
62a3f50f-a02c-4861-bc99-544a0ad7118e,paparazzi.free,available,44.98,,71,12,9,namecheap,,
62edc541-096e-4ac5-879f-843559eca944,masterfile.free,available,44.98,,50,3,11,namecheap,,
632b91d1-ab52-4c61-aaee-ca79209f17b7,MickeyMouse.free,available,44.98,,86,11,12,namecheap,,
6330784f-a327-4267-8b15-799320fce376,intheeventof.free,available,44.98,,46,2,15,namecheap,,
6355b99b-855e-424d-8b06-d8b097cb5709,landedestate.free,available,44.98,,42,1,13,namecheap,,
63786c59-d187-4753-ab48-8c069fdbfe23,grassrootsdemocracy.free,available,44.98,,66,1,20,namecheap,,
63861038-595a-4ae6-a561-17c7b9b92ecc,workouts.free,premium,116,116,59,8,8,namesilo,,
63a00f70-efc1-449c-a30e-8324097608bf,referredto.free,available,44.98,,46,1,11,namecheap,,
63b93b21-db3a-47e0-840c-cf2adbaefb0e,robots.free,premium,116,116,62,47,6,namesilo,,
63cfa92b-be6a-44e5-99fa-76601d2cede5,messed.free,available,44.98,,46,2,6,namecheap,,
63e19db4-1159-4c74-aeae-e8c3cf00743e,sobeit.free,available,44.98,,52,5,8,namecheap,,
63ff2c47-a59f-4a1d-bc4e-b9740b0c8eb1,CatholicChurch.free,available,44.98,,70,5,15,namecheap,,
640ac7a2-c635-4687-af21-dd506a3a7d7f,rumcake.free,available,44.98,,81,3,8,namecheap,,
64124d4d-8406-4578-a877-c97fa9e595e8,SantaClara.free,premium,140,140,75,9,11,namecheap,,
643e3d02-21b0-43df-bc93-453fcc3e8a2b,commonhippopotamus.free,available,44.98,,66,1,19,namecheap,,
6498c69d-15d7-4b21-8738-b77b24b70225,executivedirector.free,available,44.98,,56,2,18,namecheap,,
64a9281f-29d6-4dd6-89a6-cb21d9d559e0,trackdown.free,available,44.98,,70,4,10,namecheap,,
64ab713b-e35f-4475-a9ac-7d8d2a863e4e,dont.free,premium,1250,,42,18,4,name.com,,
64adcd07-597c-44f2-9b1f-ba94a5e56511,races.free,premium,625,,60,8,5,name.com,,
64cbd193-e20d-4b61-8e0b-6c2794098ee3,generations.free,premium,125,,56,20,11,name.com,,
64d6ca8b-a1a0-425d-bbe5-123368967d76,gascooker.free,available,44.98,,52,1,10,namecheap,,
64fdf298-be46-4205-9f1e-6c592870d675,trades.free,premium,116,116,71,26,6,namesilo,,
6573d708-5aad-4c8f-a19a-0cce9b60b43f,Germanfries.free,available,38.99,38.99,82,1,12,namesilo,,
657dd2e1-ebb2-4f33-90e2-037ad79c4154,pomegranates.free,available,38.99,38.99,60,4,12,namesilo,,
65979565-32f5-4117-83da-d2a078941bdb,comes.free,premium,625,,70,8,5,name.com,,